,Unnamed: 0,Unnamed: 0.1,id,chart_date,target_rank,actual_rank,title,artist,peak_rank,weeks_on_chart,Genre,wiki_genre
0,0,0,3,1961-07-03,56,57.0,I Don't Mind,James Brown,47.0,8.0,funk,Rhythm and blues
1,1,1,4,1971-08-07,32,31.0,You've Got A Friend,"Roberta Flack,Donny Hathaway",29.0,12.0,soul,Soft rock
2,2,2,6,1980-08-02,15,16.0,The Rose,Bette Midler,3.0,25.0,female vocalists,Pop
3,3,3,10,1984-03-24,49,51.0,An Innocent Man,Billy Joel,10.0,18.0,classic rock,Pop rock
4,4,4,12,1980-11-15,65,63.0,Lookin' For Love,Johnny Lee,5.0,21.0,country,Country
5,5,5,15,1976-08-07,21,21.0,Last Child,Aerosmith,21.0,15.0,rock,Funk rock
6,6,6,16,1984-07-28,37,39.0,She Bop,Cyndi Lauper,3.0,18.0,80s,New wave
7,7,7,18,1981-01-31,56,55.0,Kiss On My List,Daryl Hall & John Oates,1.0,23.0,80s,Pop rock
8,8,8,19,1976-10-09,88,87.0,Here's Some Love,Tanya Tucker,82.0,5.0,country,Country
9,9,9,21,1980-08-02,91,90.0,Just Can't Wait,The J. Geils Band,78.0,5.0,classic rock,Rock
10,10,10,22,1971-11-20,18,19.0,Never My Love,The 5th Dimension,12.0,11.0,60s,Baroque pop
11,11,11,23,1985-12-07,88,87.0,And She Was,Talking Heads,54.0,20.0,new wave,Rock
12,12,12,25,1971-07-17,38,36.0,Chicago,Graham Nash,35.0,11.0,singer-songwriter,Label
13,13,13,26,1966-05-07,88,86.0,Sweet Talkin' Guy,The Chiffons,10.0,10.0,60s,Not Found
14,14,14,27,1979-07-07,41,41.0,Rock 'N' Roll Fantasy,Bad Company,13.0,20.0,classic rock,Label
15,15,15,29,1973-11-10,44,46.0,The Joker,Steve Miller Band,1.0,20.0,classic rock,Rock
16,16,16,30,1970-12-05,18,18.0,Indiana Wants Me,R. Dean Taylor,5.0,15.0,northern soul,Soft rock
17,17,17,33,1978-02-11,99,100.0,Crazy On You,Heart,35.0,19.0,classic rock,Hard rock
18,18,18,34,1978-03-04,30,29.0,If I Can't Have You,Yvonne Elliman,1.0,22.0,Disco,Disco
19,19,19,35,1971-05-01,67,65.0,Freedom,Jimi Hendrix,59.0,8.0,classic rock,Rock
20,20,20,37,1968-04-13,67,65.0,Foggy Mountain Breakdown,Flatt & Scruggs,55.0,12.0,bluegrass,Bluegrass
21,21,21,39,1974-09-14,17,17.0,It's Only Rock 'N Roll (But I Like It),The Rolling Stones,16.0,10.0,classic rock,Not Found
22,22,22,40,1990-06-09,30,28.0,The Power,Snap,2.0,22.0,Not Found,Not Found
23,23,23,41,1971-11-06,28,27.0,Absolutely Right,Five Man Electrical Band,26.0,8.0,classic rock,Rock
24,24,24,43,1989-02-25,50,48.0,Two Hearts,Phil Collins,1.0,18.0,pop,Pop
25,25,25,44,1985-04-06,25,24.0,Some Like It Hot,The Power Station,6.0,18.0,80s,Funk rock
26,26,26,46,1972-07-01,12,12.0,I'll Take You There,The Staple Singers,1.0,15.0,soul,R&B
27,27,27,49,1964-08-08,36,36.0,People,Barbra Streisand,5.0,19.0,female vocalists,Not Found
28,28,28,50,1964-07-11,23,24.0,Love Me Do,The Beatles,1.0,14.0,classic rock,Merseybeat
29,29,29,51,1980-03-08,66,66.0,Carrie,Cliff Richard,34.0,11.0,oldies,Synthpop
30,30,30,53,1973-06-30,80,81.0,Over The Hills And Far Away,Led Zeppelin,51.0,8.0,classic rock,Not Found
31,31,31,54,1964-09-05,71,73.0,Last Kiss,J. Frank Wilson & The Cavaliers,2.0,20.0,oldies,Rhythm and blues
32,32,32,55,1987-03-07,56,56.0,Smoking Gun,The Robert Cray Band,22.0,14.0,blues,Blues rock
33,33,33,56,1965-06-19,72,74.0,I Love You So,Bobbi Martin,70.0,7.0,pop,R&B
34,34,34,59,1969-10-11,33,33.0,Is That All There Is,Peggy Lee,11.0,10.0,jazz,Not Found
35,35,35,61,1968-11-16,95,96.0,I Put A Spell On You,Creedence Clearwater Revival,58.0,9.0,classic rock,Rhythm and blues
36,36,36,62,1985-09-28,90,89.0,Hurts To Be In Love,Gino Vannelli,57.0,12.0,pop,Not Found
37,37,37,64,1967-08-26,54,53.0,Cry Softly Lonely One,Roy Orbison,52.0,6.0,classic rock,Rock
38,38,38,66,1988-06-18,57,58.0,Do You Love Me,The Contours,3.0,34.0,soul,Rock and roll
39,39,39,67,1962-06-16,99,97.0,Bongo Stomp,Little Joey & The Flips,35.0,8.0,doo wop,Not Found
40,40,40,68,1985-08-17,98,99.0,Black Cars,Gino Vannelli,42.0,16.0,pop,Rock
41,41,41,70,1969-11-15,12,12.0,Hot Fun In The Summertime,Sly & The Family Stone,2.0,16.0,funk,Psychedelic soul
42,42,42,71,1978-09-30,43,43.0,Paradise By The Dashboard Light,Meat Loaf,39.0,10.0,rock,Not Found
43,43,43,72,1969-09-06,5,5.0,Get Together,The Youngbloods,5.0,25.0,classic rock,Psychedelic rock
44,44,44,73,1976-06-12,49,49.0,Crazy On You,Heart,35.0,19.0,classic rock,Hard rock
45,45,45,74,1965-03-27,14,12.0,Nowhere To Run,Martha & The Vandellas,8.0,11.0,soul,Not Found
46,46,46,75,1977-01-29,56,54.0,Drivin' Wheel,Foghat,34.0,10.0,classic rock,Not Found
47,47,47,77,1978-08-19,27,28.0,Reminiscing,Little River Band,3.0,20.0,classic rock,Pop rock
48,48,48,78,1988-12-24,46,46.0,Dial My Heart,The Boys,13.0,19.0,punk,Pop
49,49,49,79,1967-07-29,56,58.0,Cold Sweat - Part 1,James Brown,7.0,12.0,funk,Not Found
50,50,50,81,1986-08-23,69,69.0,You Can Call Me Al,Paul Simon,23.0,29.0,singer-songwriter,Pop rock
51,51,51,83,1984-04-07,33,34.0,Red Red Wine,UB40,1.0,40.0,reggae,Pop
52,52,52,85,1987-08-22,12,10.0,I Just Can't Stop Loving You,Michael Jackson With Siedah Garrett,1.0,12.0,soul,Pop
53,53,53,86,1973-04-21,22,21.0,Space Oddity,David Bowie,15.0,14.0,rock,Not Found
54,54,54,88,1967-04-22,57,57.0,Buy For Me The Rain,Nitty Gritty Dirt Band,45.0,7.0,country,Not Found
55,55,55,89,1981-08-15,25,24.0,Fire And Ice,Pat Benatar,17.0,15.0,80s,Not Found
56,56,56,91,1983-08-20,41,42.0,True,Spandau Ballet,4.0,18.0,80s,New wave
57,57,57,92,1982-11-06,59,60.0,Shock The Monkey,Peter Gabriel,29.0,18.0,Progressive rock,New wave
58,58,58,94,1971-06-19,83,85.0,Wild Horses,The Rolling Stones,28.0,8.0,classic rock,Roots rock
59,59,59,95,1976-12-04,65,65.0,Drivin' Wheel,Foghat,34.0,10.0,classic rock,Not Found
60,60,60,97,1991-08-10,14,14.0,Motownphilly,Boyz II Men,3.0,24.0,rnb,New jack swing
61,61,61,99,1987-01-31,88,86.0,A Trick Of The Night,Bananarama,76.0,7.0,80s,Not Found
62,62,62,100,1971-11-27,11,11.0,Maggie May,Rod Stewart,1.0,17.0,classic rock,Rock
63,63,63,101,1980-03-08,85,85.0,A Lesson In Leavin',Dottie West,73.0,5.0,country,Not Found
64,64,64,102,1970-09-26,65,66.0,For The Good Times,Ray Price,11.0,24.0,country,Not Found
65,65,65,104,1983-06-18,23,22.0,We Two,Little River Band,22.0,12.0,classic rock,Not Found
66,66,66,105,1980-03-08,60,62.0,The Spirit Of Radio,Rush,51.0,8.0,Progressive rock,Progressive rock
67,67,67,106,1971-06-05,18,18.0,If,Bread,4.0,12.0,soft rock,Soft rock
68,68,68,107,1974-10-26,9,8.0,Sweet Home Alabama,Lynyrd Skynyrd,8.0,17.0,classic rock,Southern rock
69,69,69,109,1970-01-24,83,83.0,Ma Belle Amie,The Tee Set,5.0,12.0,dutch,Pop rock
70,70,70,111,1966-06-04,33,32.0,Eight Miles High,The Byrds,14.0,9.0,classic rock,Psychedelic rock
71,71,71,112,1962-01-27,27,27.0,Letter Full Of Tears,Gladys Knight & The Pips,19.0,11.0,soul,Not Found
72,72,72,114,1968-03-30,60,60.0,Sunshine Of Your Love,Cream,5.0,26.0,classic rock,Psychedelic rock
73,73,73,115,1958-12-29,52,52.0,Sweet Little Rock And Roll,Chuck Berry,47.0,9.0,Rock and Roll,Not Found
74,74,74,116,1972-12-02,48,48.0,Let It Rain,Eric Clapton,48.0,13.0,classic rock,Rock
75,75,75,119,1970-11-28,61,61.0,Stand By Me,"David Ruffin,Jimmy Ruffin",61.0,7.0,soul,Soul
76,76,76,120,1963-09-28,1,3.0,Be My Baby,The Ronettes,2.0,13.0,60s,Pop
77,77,77,122,1987-02-21,75,74.0,Have You Ever Loved Somebody,Freddie Jackson,69.0,9.0,soul,R&B
78,78,78,123,1960-12-19,64,64.0,Silent Night,Bing Crosby,54.0,2.0,jazz,Not Found
79,79,79,124,1978-12-23,14,13.0,Promises,Eric Clapton,9.0,18.0,classic rock,Rock and roll
80,80,80,126,1975-11-01,28,29.0,Blue Eyes Crying In The Rain,Willie Nelson,21.0,18.0,country,Country
81,81,81,127,1962-08-25,44,44.0,Stop The Wedding,Etta James,34.0,8.0,blues,Not Found
82,82,82,128,1972-09-30,32,33.0,Brandy (You're A Fine Girl),Looking Glass,1.0,16.0,70s,Not Found
83,83,83,130,1972-06-24,24,24.0,Tumbling Dice,The Rolling Stones,7.0,10.0,classic rock,Blues rock
84,84,84,131,1981-10-31,76,75.0,I Wouldn't Have Missed It For The World,Ronnie Milsap,20.0,17.0,country,Not Found
85,85,85,133,1963-07-20,24,24.0,Detroit City,Bobby Bare,16.0,12.0,country,Country
86,86,86,134,1967-01-07,49,47.0,I Had Too Much To Dream (Last Night),The Electric Prunes,11.0,14.0,Psychedelic Rock,Psychedelic rock
87,87,87,139,1990-09-29,79,79.0,The Way You Do The Things You Do,UB40,6.0,25.0,reggae,Soul
88,88,88,140,1974-06-29,43,41.0,La Grange,ZZ Top,41.0,19.0,classic rock,Blues rock
89,89,89,141,1982-12-04,39,39.0,Shock The Monkey,Peter Gabriel,29.0,18.0,Progressive rock,New wave
90,90,90,145,1961-12-18,22,20.0,Runaround Sue,Dion,1.0,14.0,oldies,Doo-wop
91,91,91,147,1961-02-06,32,32.0,Wheels,The String-A-Longs,3.0,16.0,instrumental,Not Found
92,92,92,148,1982-03-27,30,31.0,Spirits In The Material World,The Police,11.0,13.0,rock,Ska
93,93,93,149,1979-07-21,38,38.0,Just When I Needed You Most,Randy Vanwarmer,4.0,20.0,male vocalists,Pop rock
94,94,94,150,1984-09-29,7,6.0,What's Love Got To Do With It,Tina Turner,1.0,28.0,pop,Not Found
95,95,95,153,1961-05-01,52,50.0,Walk Right Back,The Everly Brothers,7.0,13.0,oldies,Rock
96,96,96,154,1980-02-09,62,63.0,Lonely Eyes,Robert John,41.0,11.0,classic rock,Not Found
97,97,97,155,1985-04-20,28,27.0,Forever Man,Eric Clapton,26.0,12.0,classic rock,synth rock
98,98,98,157,1959-08-24,8,8.0,Sleep Walk,Santo & Johnny,1.0,18.0,oldies,Instrumental rock
99,99,99,158,1986-03-22,52,52.0,Something About You,Level 42,7.0,27.0,80s,Not Found
100,100,100,159,1961-10-30,35,34.0,Little Sister,Elvis Presley,5.0,13.0,rock n roll,Alternative rock
101,101,101,160,1963-04-20,93,91.0,If You Need Me,Solomon Burke,37.0,11.0,soul,Soul
102,102,102,162,1960-01-04,77,79.0,Sweet Nothin's,Brenda Lee,4.0,24.0,oldies,Not Found
103,103,103,167,1974-06-08,38,39.0,No Charge,Melba Montgomery,39.0,10.0,country,Country
104,104,104,168,1967-09-16,9,9.0,San Franciscan Nights,The Animals,9.0,10.0,classic rock,Psychedelic rock
105,105,105,169,1961-06-19,96,95.0,Sea Of Heartbreak,Don Gibson,21.0,14.0,country,Not Found
106,106,106,170,1983-02-19,19,20.0,Twilight Zone,Golden Earring,10.0,27.0,classic rock,[1]
107,107,107,172,1963-06-29,67,69.0,If You Need Me,Solomon Burke,37.0,11.0,soul,Soul
108,108,108,176,1970-08-08,26,27.0,25 Or 6 To 4,Chicago,4.0,20.0,classic rock,Not Found
109,109,109,177,1977-02-05,74,74.0,I've Got Love On My Mind,Natalie Cole,5.0,21.0,jazz,R&B
110,110,110,179,1962-09-01,67,66.0,You Can't Judge A Book By The Cover,Bo Diddley,48.0,10.0,blues,Not Found
111,111,111,180,1972-07-01,69,68.0,Beautiful,Gordon Lightfoot,58.0,11.0,folk,Not Found
112,112,112,181,1983-03-19,80,79.0,Always Something There To Remind Me,Naked Eyes,8.0,22.0,new wave,Pop
113,113,113,182,1974-09-21,67,68.0,Annie's Song,John Denver,1.0,17.0,country,Folk rock
114,114,114,183,1979-12-15,34,35.0,Chiquitita,Abba,29.0,12.0,pop,Pop
115,115,115,184,1988-04-30,12,11.0,Always On My Mind,Pet Shop Boys,4.0,14.0,synthpop,Country
116,116,116,185,1958-10-27,31,29.0,Just A Dream,Jimmy Clanton,4.0,18.0,oldies,Not Found
117,117,117,187,1977-11-05,20,18.0,Help Is On Its Way,Little River Band,14.0,22.0,classic rock,Rock
118,118,118,188,1979-07-28,7,7.0,I Want You To Want Me,Cheap Trick,7.0,19.0,classic rock,Power pop
119,119,119,190,1975-02-08,20,20.0,Never Can Say Goodbye,Gloria Gaynor,9.0,17.0,Disco,Soul
120,120,120,191,1968-07-20,66,64.0,People Got To Be Free,The Rascals,1.0,14.0,indie,Blue-eyed soul
121,121,121,192,1959-11-02,30,29.0,Unforgettable,Dinah Washington,17.0,13.0,jazz,Pop
122,122,122,193,1978-09-30,96,96.0,Shadow Dancing,Andy Gibb,1.0,25.0,Disco,Disco
123,123,123,194,1974-12-21,38,36.0,Willie And The Hand Jive,Eric Clapton,26.0,9.0,classic rock,Not Found
124,124,124,195,1972-07-29,8,7.0,School's Out,Alice Cooper,7.0,13.0,hard rock,Hard rock
125,125,125,196,1962-05-12,36,34.0,Love Me Warm And Tender,Paul Anka,12.0,12.0,swing,Not Found
126,126,126,198,1985-03-16,36,36.0,Along Comes A Woman,Chicago,14.0,16.0,classic rock,Not Found
127,127,127,199,1980-10-11,40,41.0,Could I Have This Dance,Anne Murray,33.0,14.0,country,Country
128,128,128,202,1973-04-21,29,28.0,Love Train,The O'Jays,1.0,14.0,soul,R&B
129,129,129,203,1969-12-06,80,81.0,"Wonderful World, Beautiful People",Jimmy Cliff,25.0,11.0,reggae,Reggae
130,130,130,204,1970-08-29,35,34.0,I Want To Take You Higher,Ike & Tina Turner,34.0,18.0,soul,Psychedelic soul
131,131,131,205,1983-01-15,94,93.0,Pressure,Billy Joel,20.0,17.0,classic rock,Rock
132,132,132,206,1977-03-05,20,20.0,Maybe I'm Amazed,Paul McCartney,10.0,13.0,classic rock,Rock
133,133,133,207,1987-09-05,36,37.0,Back In The High Life Again,Steve Winwood,13.0,21.0,classic rock,Not Found
134,134,134,208,1976-08-21,65,67.0,Another Rainy Day In New York City,Chicago,32.0,9.0,classic rock,Ska
135,135,135,209,1974-05-04,99,97.0,Already Gone,Eagles,32.0,15.0,classic rock,Hard rock
136,136,136,210,1971-02-20,22,24.0,She's A Lady,Tom Jones,2.0,14.0,pop,Pop
137,137,137,212,1961-08-28,41,42.0,It's Gonna Work Out Fine,Ike & Tina Turner,14.0,15.0,soul,Rock & roll
138,138,138,213,1962-12-29,36,36.0,Comin' Home Baby,Mel Torme,36.0,11.0,Not Found,Vocal jazz
139,139,139,214,1959-02-09,94,95.0,(Night Time Is) The Right Time,Ray Charles,95.0,1.0,jazz,Not Found
140,140,140,215,1976-10-30,12,10.0,Magic Man,Heart,9.0,23.0,classic rock,Hard rock
141,141,141,216,1972-04-08,29,30.0,Do Your Thing,Isaac Hayes,30.0,11.0,soul,Not Found
142,142,142,217,1981-04-11,60,61.0,Jessie's Girl,Rick Springfield,1.0,32.0,80s,Power pop
143,143,143,218,1976-10-09,26,24.0,Fernando,Abba,13.0,16.0,pop,Pop
144,144,144,220,1962-11-17,62,61.0,Ramblin' Rose,"Nat ""King"" Cole",2.0,16.0,jazz,Not Found
145,145,145,221,1974-09-28,39,38.0,Feel Like Makin' Love,Roberta Flack,1.0,16.0,soul,Soul
146,146,146,222,1973-11-10,49,49.0,For Ol' Times Sake,Elvis Presley,41.0,9.0,rock n roll,Not Found
147,147,147,223,1983-09-03,89,89.0,Wanna Be Startin' Somethin',Michael Jackson,5.0,15.0,pop,Post-disco
148,148,148,224,1969-03-15,18,18.0,Galveston,Glen Campbell,4.0,12.0,country,Country pop
149,149,149,227,1981-11-21,57,55.0,Promises In The Dark,Pat Benatar,38.0,11.0,80s,Not Found
150,150,150,228,1989-09-02,96,95.0,Still Cruisin,The Beach Boys,93.0,3.0,classic rock,Not Found
151,151,151,229,1969-07-19,78,79.0,Honky Tonk Women,The Rolling Stones,1.0,15.0,classic rock,Hard rock
152,152,152,231,1977-07-02,23,24.0,"Knowing Me, Knowing You",Abba,14.0,15.0,pop,Not Found
153,153,153,234,1971-11-20,77,75.0,Life Is A Carnival,The Band,72.0,6.0,classic rock,Not Found
154,154,154,235,1974-12-28,65,65.0,Back Home Again,John Denver,5.0,16.0,country,Country
155,155,155,236,1987-05-23,95,95.0,"Tonight, Tonight, Tonight",Genesis,3.0,15.0,Progressive rock,Progressive rock
156,156,156,238,1980-01-05,95,97.0,You Decorated My Life,Kenny Rogers,7.0,18.0,country,Soft rock
157,157,157,239,1975-06-07,77,79.0,Sail On Sailor,The Beach Boys,49.0,17.0,classic rock,Not Found
158,158,158,240,1978-01-14,14,16.0,Just The Way You Are,Billy Joel,3.0,27.0,classic rock,Not Found
159,159,159,241,1962-12-29,40,38.0,White Christmas,Bing Crosby,12.0,13.0,jazz,Christmas
160,160,160,242,1991-02-16,50,49.0,Because I Love You (The Postman Song),Stevie B,1.0,23.0,freestyle,Pop
161,161,161,244,1966-11-12,17,16.0,"Have You Seen Your Mother, Baby, Standing In The Shadow?",The Rolling Stones,9.0,7.0,classic rock,Not Found
162,162,162,245,1978-03-18,66,68.0,It Amazes Me,John Denver,59.0,7.0,country,Pop
163,163,163,246,1975-10-11,14,15.0,Rhinestone Cowboy,Glen Campbell,1.0,23.0,country,Country
164,164,164,247,1974-01-05,94,93.0,Last Kiss,J. Frank Wilson & The Cavaliers,2.0,20.0,oldies,Rhythm and blues
165,165,165,248,1971-11-13,42,42.0,I'd Love To Change The World,Ten Years After,40.0,12.0,blues rock,Not Found
166,166,166,249,1979-05-19,32,30.0,Old Time Rock & Roll,Bob Seger,28.0,18.0,classic rock,Rock
167,167,167,250,1960-02-08,6,5.0,Handy Man,Jimmy Jones,2.0,18.0,soul,Rock and roll
168,168,168,251,1969-12-27,97,95.0,Theme From Electric Surfboard,Brother Jack McDuff,95.0,2.0,jazz,Not Found
169,169,169,253,1962-12-22,10,10.0,Love Came To Me,Dion,10.0,11.0,oldies,Not Found
170,170,170,254,1986-03-22,12,14.0,Sanctify Yourself,Simple Minds,14.0,14.0,new wave,New wave
171,171,171,256,1973-11-03,95,93.0,Smokin' In The Boy's Room,Brownsville Station,3.0,19.0,classic rock,Not Found
172,172,172,257,1968-11-16,38,40.0,Shape Of Things To Come,Max Frost & The Troopers,22.0,12.0,psychedelic,Not Found
173,173,173,258,1991-08-03,90,88.0,Don't Treat Me Bad,Firehouse,19.0,23.0,hard rock,Glam metal
174,174,174,259,1979-07-14,59,60.0,Born To Be Alive,Patrick Hernandez,16.0,19.0,Not Found,Not Found
175,175,175,260,1971-04-17,4,4.0,She's A Lady,Tom Jones,2.0,14.0,pop,Pop
176,176,176,261,1968-11-02,31,30.0,In-A-Gadda-Da-Vida,Iron Butterfly,30.0,17.0,Psychedelic Rock,Acid rock
177,177,177,263,1974-03-02,35,34.0,Last Kiss,Wednesday,34.0,18.0,pop,Rhythm and blues
178,178,178,264,1967-09-16,43,42.0,Dandelion,The Rolling Stones,14.0,8.0,classic rock,Psychedelic pop
179,179,179,265,1972-04-29,33,34.0,(Last Night) I Didn't Get To Sleep At All,The 5th Dimension,8.0,16.0,60s,Not Found
180,180,180,267,1964-03-07,47,47.0,Worried Guy,Johnny Tillotson,37.0,7.0,oldies,Not Found
181,181,181,268,1980-05-31,90,90.0,Time For Me To Fly,REO Speedwagon,56.0,13.0,classic rock,Not Found
182,182,182,269,1973-07-28,12,13.0,Money,Pink Floyd,13.0,15.0,Progressive rock,Progressive rock
183,183,183,270,1963-11-23,44,44.0,In My Room,The Beach Boys,23.0,11.0,classic rock,Doo-wop
184,184,184,271,1986-03-08,40,38.0,Addicted To Love,Robert Palmer,1.0,22.0,80s,Pop rock
185,185,185,275,1981-11-21,55,55.0,Promises In The Dark,Pat Benatar,38.0,11.0,80s,Not Found
186,186,186,276,1970-10-17,25,24.0,Patches,Clarence Carter,4.0,14.0,soul,Soul
187,187,187,278,1982-01-09,19,20.0,Waiting On A Friend,The Rolling Stones,13.0,15.0,classic rock,Rock
188,188,188,279,1979-06-30,79,78.0,Born To Be Alive,Patrick Hernandez,16.0,19.0,Not Found,Not Found
189,189,189,280,1967-01-07,87,88.0,It Takes Two,"Marvin Gaye,Kim Weston",14.0,12.0,soul,Soul
190,190,190,281,1988-01-30,20,19.0,There's The Girl,Heart,12.0,17.0,classic rock,Electronic rock
191,191,191,282,1979-10-06,41,39.0,Gotta Serve Somebody,Bob Dylan,24.0,12.0,folk,Rock
192,192,192,284,1966-02-05,29,28.0,These Boots Are Made For Walkin',Nancy Sinatra,1.0,14.0,female vocalists,Pop rock
193,193,193,288,1964-02-15,32,34.0,As Usual,Brenda Lee,12.0,11.0,oldies,Pop
194,194,194,289,1968-01-27,84,83.0,Guitar Man,Elvis Presley,28.0,20.0,rock n roll,Country
195,195,195,290,1972-11-18,51,52.0,Long Dark Road,The Hollies,26.0,11.0,60s,Not Found
196,196,196,291,1978-01-21,74,73.0,The Way You Do The Things You Do,Rita Coolidge,20.0,11.0,female vocalists,Soul
197,197,197,292,1970-08-29,10,10.0,25 Or 6 To 4,Chicago,4.0,20.0,classic rock,Not Found
198,198,198,293,1981-12-26,18,20.0,Every Little Thing She Does Is Magic,The Police,3.0,19.0,rock,New wave
199,199,199,294,1968-08-24,78,79.0,Mr. Bojangles,Jerry Jeff Walker,77.0,5.0,country,Country
200,200,200,295,1978-04-29,91,92.0,Just The Way You Are,Billy Joel,3.0,27.0,classic rock,Not Found
201,201,201,296,1975-10-04,19,18.0,Lyin' Eyes,Eagles,2.0,14.0,classic rock,Country rock
202,202,202,297,1971-12-18,72,71.0,That's The Way I Feel About Cha,Bobby Womack,27.0,13.0,soul,Soul
203,203,203,300,1987-09-26,1,2.0,Here I Go Again,Whitesnake,1.0,28.0,hard rock,Hard rock
204,204,204,302,1964-03-28,80,78.0,Do You Want To Know A Secret,The Beatles,2.0,11.0,classic rock,Pop
205,205,205,303,1982-08-21,74,74.0,Break It To Me Gently,Juice Newton,11.0,17.0,country,Vocal
206,206,206,304,1990-04-28,24,26.0,The Humpty Dance,Digital Underground,11.0,23.0,Hip-Hop,Golden age hip hop
207,207,207,306,1979-05-12,4,5.0,In The Navy,Village People,3.0,18.0,Disco,Disco
208,208,208,307,1980-03-01,5,7.0,Cruisin',Smokey Robinson,4.0,25.0,soul,Soul
209,209,209,308,1966-07-30,42,43.0,You Can't Roller Skate In A Buffalo Herd,Roger Miller,40.0,6.0,country,Not Found
210,210,210,309,1984-11-03,21,20.0,All Through The Night,Cyndi Lauper,5.0,19.0,80s,Not Found
211,211,211,310,1983-01-15,13,14.0,The Other Guy,Little River Band,11.0,18.0,classic rock,Not Found
212,212,212,312,1980-04-12,69,69.0,Daydream Believer,Anne Murray,12.0,17.0,country,Psychedelic pop
213,213,213,314,1965-11-27,8,9.0,I Got You (I Feel Good),James Brown,3.0,12.0,funk,Soul
214,214,214,315,1974-02-16,35,35.0,Come And Get Your Love,Redbone,5.0,23.0,classic rock,Not Found
215,215,215,317,1979-11-10,28,29.0,Dream Police,Cheap Trick,26.0,10.0,classic rock,Rock
216,216,216,318,1961-04-03,12,12.0,Wheels,The String-A-Longs,3.0,16.0,instrumental,Not Found
217,217,217,319,1976-06-26,14,15.0,I Want You,Marvin Gaye,15.0,13.0,soul,Soul
218,218,218,320,1972-01-08,100,98.0,Floy Joy,The Supremes,16.0,12.0,soul,Pop
219,219,219,322,1958-12-01,79,78.0,Bird Dog,The Everly Brothers,2.0,19.0,oldies,Country
220,220,220,323,1979-11-17,27,27.0,Dream Police,Cheap Trick,26.0,10.0,classic rock,Rock
221,221,221,324,1975-07-26,72,73.0,When Will I Be Loved,Linda Ronstadt,2.0,19.0,female vocalists,Country
222,222,222,325,1974-02-23,85,87.0,Let Me Get To Know You,Paul Anka,80.0,8.0,swing,Not Found
223,223,223,326,1975-03-29,58,57.0,My Boy,Elvis Presley,20.0,11.0,rock n roll,Soft rock
224,224,224,329,1987-03-07,58,56.0,Smoking Gun,The Robert Cray Band,22.0,14.0,blues,Blues rock
225,225,225,330,1967-01-21,70,71.0,Go Where You Wanna Go,The 5th Dimension,16.0,10.0,60s,Sunshine pop
226,226,226,331,1974-01-19,22,22.0,Jungle Boogie,Kool & The Gang,4.0,22.0,funk,Funk
227,227,227,332,1982-02-27,34,35.0,Waiting On A Friend,The Rolling Stones,13.0,15.0,classic rock,Rock
228,228,228,334,1984-01-28,73,73.0,Somebody s Watching Me,Rockwell,2.0,19.0,Drum and bass,Not Found
229,229,229,335,1962-11-10,7,9.0,Do You Love Me,The Contours,3.0,34.0,soul,Rock and roll
230,230,230,336,1977-08-13,5,4.0,(Your Love Has Lifted Me) Higher And Higher,Rita Coolidge,2.0,27.0,female vocalists,Not Found
231,231,231,338,1981-12-26,84,82.0,Through The Years,Kenny Rogers,13.0,15.0,country,Not Found
232,232,232,339,1991-02-16,27,28.0,Deeper Shade Of Soul,Urban Dance Squad,21.0,18.0,crossover,Not Found
233,233,233,341,1977-09-17,17,17.0,Easy,Commodores,4.0,22.0,soul,Soft rock
234,234,234,343,1971-02-13,9,9.0,If I Were Your Woman,Gladys Knight & The Pips,9.0,15.0,soul,Soul
235,235,235,345,1974-03-02,25,25.0,Doo Doo Doo Doo Doo (Heartbreaker),The Rolling Stones,15.0,11.0,classic rock,Rock
236,236,236,346,1976-11-06,76,75.0,Living It Down,Freddy Fender,72.0,4.0,country,Country
237,237,237,347,1977-07-23,63,62.0,Sunflower,Glen Campbell,39.0,11.0,country,Country pop
238,238,238,348,1989-11-04,14,15.0,The Best,Tina Turner,15.0,14.0,pop,Pop rock
239,239,239,349,1991-03-09,85,86.0,Don t Treat Me Bad,Firehouse,19.0,23.0,hard rock,Not Found
240,240,240,351,1975-01-25,55,55.0,Roll On Down The Highway,Bachman-Turner Overdrive,14.0,11.0,classic rock,Not Found
241,241,241,352,1991-11-09,31,31.0,Good Vibrations,Marky Mark,1.0,19.0,90s,Psychedelic rock
242,242,242,353,1984-11-17,27,27.0,I Can't Drive 55,Sammy Hagar,26.0,16.0,hard rock,Hard rock
243,243,243,354,1975-04-05,2,2.0,Philadelphia Freedom,Elton John,1.0,21.0,pop,Rock
244,244,244,355,1964-06-20,44,42.0,"I Rise, I Fall",Johnny Tillotson,36.0,8.0,oldies,Not Found
245,245,245,356,1961-07-03,21,20.0,Dum Dum,Brenda Lee,4.0,12.0,oldies,Pop
246,246,246,358,1973-02-24,73,73.0,Superman,Donna Fargo,41.0,9.0,country,Country
247,247,247,359,1988-02-13,93,92.0,Just Like Heaven,The Cure,40.0,19.0,post-punk,Gothic rock
248,248,248,360,1970-08-15,38,37.0,I Want To Take You Higher,Ike & Tina Turner,34.0,18.0,soul,Psychedelic soul
249,249,249,361,1977-01-15,23,25.0,This Song,George Harrison,25.0,11.0,classic rock,Rock
250,250,250,362,1974-02-09,42,43.0,Last Kiss,Wednesday,34.0,18.0,pop,Rhythm and blues
251,251,251,364,1970-04-04,18,18.0,Evil Ways,Santana,9.0,13.0,rock,Jazz fusion
252,252,252,366,1973-08-25,9,11.0,Feelin' Stronger Every Day,Chicago,10.0,16.0,classic rock,Rock
253,253,253,367,1977-08-27,31,31.0,Undercover Angel,Alan O'Day,1.0,25.0,70s,Pop rock
254,254,254,369,1967-01-07,66,66.0,Kind Of A Drag,The Buckinghams,1.0,13.0,60s,Not Found
255,255,255,370,1989-10-07,23,24.0,Kisses On The Wind,Neneh Cherry,8.0,14.0,female vocalists,Not Found
256,256,256,371,1963-06-29,40,41.0,Losing You,Brenda Lee,6.0,13.0,oldies,Pop
257,257,257,372,1983-08-20,95,94.0,Scarlet Fever,Kenny Rogers,94.0,2.0,country,Country
258,258,258,377,1973-09-22,68,70.0,I Can't Stand The Rain,Ann Peebles,38.0,21.0,soul,Soul
259,259,259,378,1990-04-28,25,26.0,The Humpty Dance,Digital Underground,11.0,23.0,Hip-Hop,Golden age hip hop
260,260,260,380,1974-06-08,41,42.0,Best Thing That Ever Happened To Me,Gladys Knight & The Pips,3.0,17.0,soul,Not Found
261,261,261,381,1973-03-31,63,63.0,Hocus Pocus,Focus,9.0,19.0,Progressive rock,Progressive rock
262,262,262,382,1991-06-08,76,76.0,Where The Streets Have No Name,Pet Shop Boys,72.0,7.0,synthpop,Rock
263,263,263,383,1966-08-13,19,20.0,Sunshine Superman,Donovan,1.0,13.0,folk,Psychedelic pop
264,264,264,384,1985-08-10,2,3.0,If You Love Somebody Set Them Free,Sting,3.0,18.0,rock,Pop rock
265,265,265,385,1990-04-14,23,25.0,Hold On,Wilson Phillips,1.0,25.0,pop,Pop rock
266,266,266,386,1970-12-26,57,56.0,I Really Don't Want To Know,Elvis Presley,21.0,9.0,rock n roll,Not Found
267,267,267,387,1964-11-14,18,18.0,Time Is On My Side,The Rolling Stones,6.0,13.0,classic rock,Rock
268,268,268,389,1984-11-17,89,89.0,Tenderness,General Public,27.0,18.0,new wave,Not Found
269,269,269,390,1976-06-26,38,40.0,Young Hearts Run Free,Candi Staton,20.0,16.0,soul,Disco
270,270,270,391,1969-06-07,19,19.0,It's Your Thing,The Isley Brothers,2.0,14.0,soul,Funk
271,271,271,393,1980-07-26,22,22.0,Misunderstanding,Genesis,14.0,18.0,Progressive rock,Pop rock
272,272,272,395,1977-04-02,54,54.0,Here Come Those Tears Again,Jackson Browne,23.0,9.0,singer-songwriter,Rock
273,273,273,396,1958-09-22,32,33.0,Fever,Peggy Lee,8.0,16.0,jazz,Rhythm and blues
274,274,274,397,1969-12-27,47,48.0,Kozmic Blues,Janis Joplin,41.0,9.0,classic rock,Blues rock
275,275,275,399,1959-01-19,14,13.0,One Night,Elvis Presley,4.0,17.0,rock n roll,Rhythm and blues
276,276,276,400,1975-01-25,53,54.0,Woman To Woman,Shirley Brown,22.0,14.0,soul,Not Found
277,277,277,401,1985-06-22,17,19.0,The Goonies R Good Enough,Cyndi Lauper,10.0,15.0,80s,New wave
278,278,278,402,1964-10-17,4,5.0,Last Kiss,J. Frank Wilson & The Cavaliers,2.0,20.0,oldies,Rhythm and blues
279,279,279,403,1967-05-13,32,32.0,I Never Loved A Man (The Way I Love You),Aretha Franklin,9.0,11.0,soul,Southern soul
280,280,280,404,1962-12-08,12,11.0,He's A Rebel,The Crystals,1.0,18.0,60s,Rock and roll
281,281,281,406,1975-03-08,88,88.0,Amie,Pure Prairie League,27.0,13.0,country rock,Country rock
282,282,282,407,1987-05-16,71,72.0,Wild Horses,Gino Vannelli,55.0,15.0,pop,Not Found
283,283,283,410,1961-02-20,28,27.0,Jimmy's Girl,Johnny Tillotson,25.0,11.0,oldies,Not Found
284,284,284,412,1972-11-25,78,80.0,Sunday Morning Sunshine,Harry Chapin,75.0,6.0,folk,Not Found
285,285,285,414,1991-06-01,91,93.0,Someone,The Rembrandts,78.0,10.0,rock,Not Found
286,286,286,415,1976-01-24,34,33.0,Golden Years,David Bowie,10.0,21.0,rock,Funk
287,287,287,417,1982-12-11,47,47.0,"(You're So Square) Baby, I Don't Care",Joni Mitchell,47.0,9.0,folk,Not Found
288,288,288,418,1967-12-23,16,17.0,Chain Of Fools,Aretha Franklin,2.0,12.0,soul,R&B
289,289,289,419,1979-04-07,26,26.0,Blow Away,George Harrison,16.0,14.0,classic rock,Rock
290,290,290,421,1969-04-26,48,46.0,Pinball Wizard,The Who,19.0,11.0,classic rock,Hard rock
291,291,291,425,1963-02-02,47,48.0,See See Rider,LaVern Baker,34.0,11.0,rhythm and blues,Blues
292,292,292,426,1985-11-09,32,32.0,I m Goin  Down,Bruce Springsteen,9.0,13.0,rock,Not Found
293,293,293,427,1969-01-11,63,62.0,Bluebirds Over The Mountain,The Beach Boys,61.0,6.0,classic rock,Hard rock
294,294,294,429,1971-05-29,5,6.0,Put Your Hand In The Hand,Ocean,2.0,14.0,rock,Pop
295,295,295,430,1984-05-12,77,77.0,I Want A New Drug,Huey Lewis,6.0,19.0,rock,Not Found
296,296,296,432,1971-01-09,65,64.0,One Bad Apple,The Osmonds,1.0,15.0,pop,Pop
297,297,297,433,1972-09-23,47,47.0,If I Could Reach You,The 5th Dimension,10.0,15.0,60s,Soul
298,298,298,434,1960-03-07,15,15.0,Where Or When,Dion,3.0,16.0,oldies,Doo-wop
299,299,299,439,1963-02-09,6,7.0,Ruby Baby,Dion,2.0,13.0,oldies,Country
300,300,300,442,1990-12-22,54,52.0,World In My Eyes,Depeche Mode,52.0,10.0,electronic,Synthpop
301,301,301,443,1981-12-05,99,97.0,Better Things,The Kinks,92.0,8.0,classic rock,Pop
302,302,302,444,1971-01-09,31,29.0,I Really Don't Want To Know,Elvis Presley,21.0,9.0,rock n roll,Not Found
303,303,303,445,1975-05-03,43,43.0,Old Days,Chicago,5.0,11.0,classic rock,Rock
304,304,304,446,1974-12-14,44,42.0,Back Home Again,John Denver,5.0,16.0,country,Country
305,305,305,448,1984-05-26,22,22.0,Jump (for My Love),The Pointer Sisters,3.0,24.0,Disco,Dance
306,306,306,450,1981-08-22,6,5.0,Jessie's Girl,Rick Springfield,1.0,32.0,80s,Power pop
307,307,307,451,1989-03-11,83,81.0,Got It Made,"Crosby, Stills, Nash",69.0,8.0,All,Not Found
308,308,308,452,1989-07-15,65,64.0,Don't Say You Love Me,Billy Squier,58.0,15.0,classic rock,Not Found
309,309,309,454,1974-09-07,10,11.0,Feel Like Makin' Love,Roberta Flack,1.0,16.0,soul,Soul
310,310,310,455,1962-06-09,31,32.0,Walk On The Wild Side (Part 1),Jimmy Smith,21.0,11.0,jazz,Not Found
311,311,311,456,1978-07-22,94,96.0,With A Little Luck,Paul McCartney,1.0,18.0,classic rock,Not Found
312,312,312,457,1964-06-13,76,78.0,Not Fade Away,The Rolling Stones,48.0,13.0,classic rock,Rock and roll
313,313,313,458,1986-03-08,37,38.0,Addicted To Love,Robert Palmer,1.0,22.0,80s,Pop rock
314,314,314,461,1963-03-30,54,56.0,On Broadway,The Drifters,9.0,10.0,soul,Soul
315,315,315,463,1982-08-21,78,78.0,Seasons Of The Heart,John Denver,78.0,5.0,country,Not Found
316,316,316,464,1984-09-15,39,39.0,Flesh For Fantasy,Billy Idol,29.0,12.0,rock,Not Found
317,317,317,465,1987-07-11,52,52.0,Give To Live,Sammy Hagar,23.0,17.0,hard rock,Not Found
318,318,318,467,1967-05-20,73,73.0,Little Bit O' Soul,The Music Explosion,2.0,16.0,Garage Rock,Pop rock
319,319,319,468,1966-08-20,41,42.0,Ain't Too Proud To Beg,The Temptations,13.0,13.0,soul,Soul
320,320,320,469,1988-07-02,56,56.0,In Your Soul,Corey Hart,38.0,10.0,80s,Pop
321,321,321,471,1964-01-04,15,14.0,As Usual,Brenda Lee,12.0,11.0,oldies,Pop
322,322,322,472,1978-01-28,43,44.0,Sweet Music Man,Kenny Rogers,44.0,8.0,country,Country
323,323,323,473,1969-10-25,13,13.0,Come Together,The Beatles,1.0,16.0,classic rock,Blues rock
324,324,324,474,1969-10-18,83,84.0,Silver Threads And Golden Needles,The Cowsills,74.0,7.0,60s,Not Found
325,325,325,475,1980-01-05,56,56.0,Daydream Believer,Anne Murray,12.0,17.0,country,Psychedelic pop
326,326,326,476,1991-08-24,19,18.0,I Adore Mi Amor,Color Me Badd,1.0,20.0,90s,R&B
327,327,327,477,1967-08-26,18,18.0,Carrie-Anne,The Hollies,9.0,13.0,60s,Not Found
328,328,328,478,1978-12-02,65,65.0,One Last Kiss,The J. Geils Band,35.0,13.0,classic rock,Rock
329,329,329,479,1964-11-21,56,56.0,Wendy,The Beach Boys,44.0,6.0,classic rock,Rock
330,330,330,480,1981-06-27,49,50.0,Give It To Me Baby,Rick James,40.0,14.0,funk,Funk
331,331,331,481,1969-03-22,17,17.0,"Baby, Baby Don't Cry",The Miracles,8.0,14.0,soul,Soul
332,332,332,482,1981-08-15,62,61.0,I'm In Love,"Evelyn ""Champagne"" King",40.0,14.0,Disco,Not Found
333,333,333,483,1973-06-16,13,11.0,Right Place Wrong Time,Dr. John,9.0,20.0,blues,Not Found
334,334,334,484,1962-07-07,65,65.0,Heart In Hand,Brenda Lee,15.0,8.0,oldies,Not Found
335,335,335,485,1977-05-07,31,30.0,Rich Girl,Daryl Hall & John Oates,1.0,20.0,80s,Not Found
336,336,336,490,1974-07-06,51,51.0,My Thang,James Brown,29.0,13.0,funk,Funk
337,337,337,492,1981-03-21,14,15.0,Don't Stand So Close To Me,The Police,10.0,18.0,rock,Rock
338,338,338,494,1981-10-10,94,96.0,I Don't Need You,Kenny Rogers,3.0,18.0,country,Country
339,339,339,497,1974-08-31,82,81.0,City In The Sky,The Staple Singers,79.0,7.0,soul,Not Found
340,340,340,500,1959-04-27,93,93.0,The Battle Of New Orleans,Johnny Horton,1.0,20.0,country,Not Found
341,341,341,501,1978-07-01,17,17.0,Last Dance,Donna Summer,3.0,21.0,Disco,Disco
342,342,342,502,1965-07-03,20,21.0,I've Been Loving You Too Long (To Stop Now),Otis Redding,21.0,11.0,soul,Soul
343,343,343,503,1991-11-09,30,31.0,Good Vibrations,Marky Mark,1.0,19.0,90s,Psychedelic rock
344,344,344,504,1974-01-19,1,2.0,The Joker,Steve Miller Band,1.0,20.0,classic rock,Rock
345,345,345,506,1977-02-19,33,33.0,After The Lovin',Engelbert Humperdinck,8.0,19.0,oldies,Not Found
346,346,346,507,1980-01-19,22,22.0,Still,Commodores,1.0,20.0,soul,Pop
347,347,347,508,1973-09-29,58,58.0,For Ol' Times Sake,Elvis Presley,41.0,9.0,rock n roll,Not Found
348,348,348,510,1964-03-28,96,97.0,How Blue Can You Get,B.B. King,97.0,2.0,blues,Blues
349,349,349,511,1962-06-09,61,61.0,Oh My Angel,Bertha Tillman,61.0,9.0,oldies,Not Found
350,350,350,512,1982-06-12,67,66.0,Going To A Go-Go,The Rolling Stones,25.0,11.0,classic rock,Soul
351,351,351,515,1961-07-03,51,50.0,Fool That I Am,Etta James,50.0,6.0,blues,Not Found
352,352,352,516,1963-07-20,31,33.0,Those Lazy-Hazy-Crazy Days Of Summer,"Nat ""King"" Cole",6.0,12.0,jazz,Not Found
353,353,353,517,1981-05-30,16,16.0,All Those Years Ago,George Harrison,2.0,16.0,classic rock,Rock
354,354,354,518,1969-10-18,64,64.0,Suite: Judy Blue Eyes,"Crosby, Stills & Nash",21.0,12.0,All,Folk rock
355,355,355,521,1990-08-11,86,85.0,The Humpty Dance,Digital Underground,11.0,23.0,Hip-Hop,Golden age hip hop
356,356,356,522,1976-08-21,20,20.0,Young Hearts Run Free,Candi Staton,20.0,16.0,soul,Disco
357,357,357,524,1985-05-11,78,80.0,Private Dancer,Tina Turner,7.0,18.0,pop,Pop
358,358,358,525,1975-05-10,44,44.0,Trampled Under Foot,Led Zeppelin,38.0,7.0,classic rock,Hard rock
359,359,359,526,1986-10-04,60,62.0,Love Comes Quickly,Pet Shop Boys,62.0,8.0,synthpop,Synthpop
360,360,360,528,1969-07-05,8,7.0,Crystal Blue Persuasion,Tommy James,2.0,15.0,classic rock,Blue-eyed soul
361,361,361,530,1990-12-22,87,89.0,This House,Tracie Spencer,3.0,23.0,rnb,Pop
362,362,362,531,1985-12-14,59,58.0,Running Up That Hill,Kate Bush,30.0,20.0,female vocalists,Symphonic metal
363,363,363,533,1961-08-28,65,65.0,"Baby, You're Right",James Brown,49.0,4.0,funk,Rhythm and blues
364,364,364,537,1970-09-19,34,35.0,Indiana Wants Me,R. Dean Taylor,5.0,15.0,northern soul,Soft rock
365,365,365,539,1980-12-06,48,48.0,Stop This Game,Cheap Trick,48.0,12.0,classic rock,Rock
366,366,366,540,1979-12-22,93,92.0,With You I'm Born Again,Billy Preston,4.0,29.0,soul,Soul
367,367,367,542,1984-10-27,6,6.0,Wake Me Up Before You Go-Go,Wham!,1.0,24.0,80s,Dance-pop
368,368,368,543,1968-12-28,31,30.0,If I Can Dream,Elvis Presley,12.0,13.0,rock n roll,Soul
369,369,369,545,1973-10-20,85,85.0,Redneck Friend,Jackson Browne,85.0,10.0,singer-songwriter,Rock
370,370,370,546,1977-03-12,80,79.0,Disco Inferno,The Trammps,11.0,29.0,Disco,Disco
371,371,371,547,1978-09-02,54,54.0,Almost Like Being In Love,Michael Johnson,32.0,12.0,pop,Not Found
372,372,372,549,1966-04-30,93,92.0,Double Shot (Of My Baby's Love),Swingin' Medallions,17.0,13.0,Garage Rock,Not Found
373,373,373,550,1978-12-23,69,71.0,Shake Your Groove Thing,Peaches & Herb,5.0,22.0,soul,Disco
374,374,374,552,1979-08-04,40,40.0,Born To Be Alive,Patrick Hernandez,16.0,19.0,Not Found,Not Found
375,375,375,553,1983-06-25,49,48.0,Maniac,Michael Sembello,1.0,22.0,80s,Synthpop
376,376,376,554,1963-01-12,98,100.0,Walk Right In,The Moments,82.0,5.0,soul,Folk music
377,377,377,555,1978-08-12,70,69.0,Surrender,Cheap Trick,62.0,8.0,classic rock,Rock
378,378,378,559,1979-01-27,31,31.0,Baby I'm Burnin',Dolly Parton,25.0,14.0,country,Disco
379,379,379,560,1970-05-30,4,4.0,Cecilia,Simon & Garfunkel,4.0,13.0,folk,Pop rock
380,380,380,561,1980-08-16,22,24.0,Boulevard,Jackson Browne,19.0,16.0,singer-songwriter,Rock
381,381,381,562,1961-07-10,56,54.0,Fool That I Am,Etta James,50.0,6.0,blues,Not Found
382,382,382,565,1967-09-09,87,89.0,Judy,Elvis Presley,78.0,5.0,rock n roll,Not Found
383,383,383,567,1989-03-04,25,25.0,The Look,Roxette,1.0,19.0,pop,Pop rock
384,384,384,568,1979-05-19,64,65.0,Dance Away,Roxy Music,44.0,9.0,glam rock,Soft rock
385,385,385,570,1963-06-15,76,75.0,Six Days On The Road,Dave Dudley,32.0,11.0,country,Not Found
386,386,386,571,1961-05-29,65,65.0,Quarter To Three,Gary U.S. Bonds,1.0,15.0,oldies,Doo-wop
387,387,387,572,1986-01-18,39,38.0,"Tarzan Boy (From ""Teenage Mutant Ninja Turtles III"")",Baltimora,13.0,38.0,80s,Not Found
388,388,388,573,1975-07-19,59,59.0,"Oh Me, Oh My (Dreams In My Arms)",Al Green,48.0,6.0,soul,Not Found
389,389,389,574,1985-05-11,34,34.0,Along Comes A Woman,Chicago,14.0,16.0,classic rock,Not Found
390,390,390,577,1970-10-10,85,84.0,Let's Work Together,Canned Heat,26.0,11.0,blues,Blues
391,391,391,578,1989-01-21,27,27.0,Giving You The Best That I Got,Anita Baker,3.0,22.0,soul,Not Found
392,392,392,579,1965-07-31,86,86.0,Heart Full Of Soul,The Yardbirds,9.0,12.0,classic rock,Psychedelic rock
393,393,393,580,1962-05-26,75,75.0,I Found A Love,The Falcons,75.0,9.0,soul,Not Found
394,394,394,582,1971-04-03,52,50.0,I Don't Blame You At All,The Miracles,18.0,12.0,soul,Pop
395,395,395,583,1961-08-07,57,58.0,Amor,Ben E. King,18.0,10.0,soul,Not Found
396,396,396,585,1968-12-07,30,28.0,Too Weak To Fight,Clarence Carter,13.0,15.0,soul,Not Found
397,397,397,587,1965-08-14,6,6.0,Unchained Melody,The Righteous Brothers,4.0,13.0,oldies,Blue-eyed soul
398,398,398,588,1978-01-14,10,10.0,We Are The Champions,Queen,4.0,27.0,classic rock,Hard rock
399,399,399,589,1982-10-09,36,36.0,Southern Cross,"Crosby, Stills & Nash",18.0,17.0,All,Not Found
400,400,400,590,1987-02-07,23,23.0,Talk To Me,Chico DeBarge,21.0,20.0,rnb,Not Found
401,401,401,591,1980-03-15,99,99.0,The Long Run,Eagles,8.0,15.0,classic rock,Pop rock
402,402,402,592,1989-03-04,42,43.0,All She Wants Is,Duran Duran,22.0,13.0,80s,New wave
403,403,403,594,1982-10-16,74,73.0,Situation,Yaz,73.0,8.0,80s,Synthpop
404,404,404,596,1962-02-10,19,19.0,Letter Full Of Tears,Gladys Knight & The Pips,19.0,11.0,soul,Not Found
405,405,405,597,1964-11-07,31,30.0,Time Is On My Side,The Rolling Stones,6.0,13.0,classic rock,Rock
406,406,406,598,1964-04-25,34,32.0,Wish Someone Would Care,Irma Thomas,17.0,12.0,soul,Not Found
407,407,407,599,1991-07-27,99,99.0,Hey Stoopid,Alice Cooper,78.0,5.0,hard rock,Heavy metal
408,408,408,600,1985-12-21,54,52.0,"Tarzan Boy (From ""Teenage Mutant Ninja Turtles III"")",Baltimora,13.0,38.0,80s,Not Found
409,409,409,601,1974-09-28,88,90.0,I Can Help,Billy Swan,1.0,18.0,country,Pop
410,410,410,603,1959-08-10,53,55.0,Sleep Walk,Santo & Johnny,1.0,18.0,oldies,Instrumental rock
411,411,411,605,1970-03-28,45,44.0,The Thrill Is Gone,B.B. King,15.0,14.0,blues,Blues
412,412,412,606,1973-12-29,58,57.0,I Love,Tom T. Hall,12.0,16.0,country,Country
413,413,413,607,1974-12-21,50,49.0,Everlasting Love,Carl Carlton,6.0,15.0,funk,Soul
414,414,414,608,1982-03-06,18,18.0,Harden My Heart,Quarterflash,3.0,24.0,80s,Rock
415,415,415,610,1978-04-08,44,44.0,Rocket Ride,Kiss,39.0,10.0,hard rock,Progressive metal
416,416,416,614,1969-06-28,59,60.0,I Want To Take You Higher,Sly & The Family Stone,38.0,16.0,funk,Psychedelic soul
417,417,417,615,1978-09-23,9,9.0,Hot Child In The City,Nick Gilder,1.0,31.0,rock,Pop rock
418,418,418,616,1968-06-01,2,1.0,Mrs. Robinson,Simon & Garfunkel,1.0,13.0,folk,Folk rock
419,419,419,617,1961-09-04,31,32.0,(Marie's the Name) His Latest Flame,Elvis Presley,4.0,11.0,rock n roll,Rock and roll
420,420,420,618,1964-07-04,47,46.0,Everybody Loves Somebody,Dean Martin,1.0,15.0,jazz,Traditional pop
421,421,421,619,1967-12-23,22,23.0,If I Could Build My Whole World Around You,"Marvin Gaye,Tammi Terrell",10.0,11.0,soul,Soul
422,422,422,620,1987-07-25,82,80.0,"Twistin  The Night Away (From ""Innerspace"")",Rod Stewart,80.0,4.0,classic rock,Not Found
423,423,423,621,1984-08-18,1,1.0,Ghostbusters,Ray Parker Jr.,1.0,21.0,80s,Pop
424,424,424,623,1970-09-05,83,82.0,It's Only Make Believe,Glen Campbell,10.0,12.0,country,Country
425,425,425,625,1973-09-01,29,30.0,Higher Ground,Stevie Wonder,4.0,14.0,soul,Funk
426,426,426,627,1990-05-26,91,92.0,Nick Of Time,Bonnie Raitt,92.0,3.0,blues,Not Found
427,427,427,628,1990-03-31,44,43.0,Hold On,Wilson Phillips,1.0,25.0,pop,Pop rock
428,428,428,629,1983-04-02,14,14.0,Beat It,Michael Jackson,1.0,25.0,pop,Hard rock
429,429,429,631,1971-09-04,36,37.0,If You Really Love Me,Stevie Wonder,8.0,14.0,soul,R&B
430,430,430,633,1983-03-05,72,71.0,Maneater,Daryl Hall & John Oates,1.0,23.0,80s,Not Found
431,431,431,634,1987-04-25,47,48.0,Brass Monkey,Beastie Boys,48.0,10.0,Hip-Hop,Hip hop
432,432,432,635,1964-07-04,21,22.0,The Little Old Lady (From Pasadena),Jan & Dean,3.0,11.0,Surf,Not Found
433,433,433,636,1977-02-05,25,24.0,After The Lovin',Engelbert Humperdinck,8.0,19.0,oldies,Not Found
434,434,434,637,1983-08-13,22,23.0,Human Nature,Michael Jackson,7.0,14.0,pop,Soft rock
435,435,435,638,1963-05-04,45,45.0,Out Of My Mind,Johnny Tillotson,24.0,10.0,oldies,Not Found
436,436,436,640,1973-06-09,79,77.0,Think,James Brown,33.0,16.0,funk,Rhythm and blues
437,437,437,643,1967-01-28,99,100.0,The People In Me,The Music Machine,66.0,8.0,Garage Rock,Garage rock
438,438,438,645,1968-03-23,1,1.0,(Sittin' On) The Dock Of The Bay,Otis Redding,1.0,16.0,soul,Rhythm and blues
439,439,439,647,1987-03-21,85,85.0,Caught Up In The Rapture,Anita Baker,37.0,18.0,soul,Not Found
440,440,440,648,1988-02-20,3,2.0,What Have I Done To Deserve This?,Pet Shop Boys,2.0,12.0,synthpop,Not Found
441,441,441,649,1970-11-07,61,61.0,Stoned Love,The Supremes,7.0,14.0,soul,Soul
442,442,442,650,1964-03-28,8,8.0,"Hello, Dolly!",Louis Armstrong,1.0,22.0,jazz,Pop
443,443,443,651,1983-01-29,80,78.0,It's Raining Men,The Weather Girls,46.0,11.0,Disco,Hi-NRG
444,444,444,654,1982-01-30,75,73.0,Tainted Love,Soft Cell,8.0,43.0,new wave,Northern soul
445,445,445,655,1976-08-28,67,66.0,Sunrise,Eric Carmen,34.0,10.0,pop,Not Found
446,446,446,656,1980-08-16,79,79.0,Years From Now,Dr. Hook,51.0,9.0,classic rock,Not Found
447,447,447,657,1988-08-13,89,90.0,In Your Soul,Corey Hart,38.0,10.0,80s,Pop
448,448,448,658,1964-11-14,23,22.0,Ask Me,Elvis Presley,12.0,12.0,rock n roll,Pop
449,449,449,659,1982-02-06,4,4.0,Harden My Heart,Quarterflash,3.0,24.0,80s,Rock
450,450,450,660,1988-01-02,16,18.0,There's The Girl,Heart,12.0,17.0,classic rock,Electronic rock
451,451,451,662,1972-01-29,44,45.0,Looking For A Love,The J. Geils Band,39.0,10.0,classic rock,Not Found
452,452,452,663,1980-08-09,61,62.0,He's So Shy,Pointer Sisters,3.0,26.0,Disco,Not Found
453,453,453,664,1972-01-22,40,39.0,Looking For A Love,The J. Geils Band,39.0,10.0,classic rock,Not Found
454,454,454,668,1975-02-22,42,41.0,Big Yellow Taxi,Joni Mitchell,24.0,16.0,folk,Folk rock
455,455,455,669,1966-07-30,43,43.0,You Can't Roller Skate In A Buffalo Herd,Roger Miller,40.0,6.0,country,Not Found
456,456,456,670,1991-06-08,10,12.0,Silent Lucidity,Queensryche,9.0,17.0,Not Found,Symphonic rock
457,457,457,671,1977-11-19,78,80.0,Heaven's Just A Sin Away,The Kendalls,69.0,7.0,country,Not Found
458,458,458,672,1963-05-25,60,59.0,Baby Workout,Jackie Wilson,5.0,12.0,soul,Rock n roll
459,459,459,674,1963-12-14,13,13.0,Sugar Shack,The Fireballs,1.0,15.0,Surf,Rock and roll
460,460,460,675,1968-11-23,84,85.0,With A Little Help From My Friends,Joe Cocker,68.0,6.0,classic rock,Blues rock
461,461,461,677,1971-06-05,20,20.0,Don't Knock My Love - Pt. 1,Wilson Pickett,13.0,12.0,soul,Not Found
462,462,462,678,1964-10-31,95,95.0,Chained And Bound,Otis Redding,70.0,7.0,soul,Not Found
463,463,463,680,1981-08-15,51,51.0,All Those Years Ago,George Harrison,2.0,16.0,classic rock,Rock
464,464,464,681,1987-06-27,38,38.0,With Or Without You,U2,1.0,18.0,rock,Rock
465,465,465,682,1972-08-19,1,2.0,Brandy (You're A Fine Girl),Looking Glass,1.0,16.0,70s,Not Found
466,466,466,683,1982-01-16,70,72.0,That Girl,Stevie Wonder,4.0,18.0,soul,Electropop
467,467,467,684,1973-08-11,11,11.0,Feelin' Stronger Every Day,Chicago,10.0,16.0,classic rock,Rock
468,468,468,685,1991-05-11,10,11.0,Silent Lucidity,Queensryche,9.0,17.0,Not Found,Symphonic rock
469,469,469,687,1988-01-23,2,2.0,Need You Tonight,INXS,1.0,24.0,rock,Funk rock
470,470,470,688,1968-08-24,70,72.0,On The Road Again,Canned Heat,16.0,11.0,blues,Blues rock
471,471,471,689,1964-10-10,82,82.0,"The Anaheim, Azusa & Cucamonga Sewing Circle, Book Review And Timing Association",Jan & Dean,77.0,3.0,Surf,Not Found
472,472,472,690,1981-07-04,22,23.0,Queen Of Hearts,Juice Newton,2.0,27.0,country,Not Found
473,473,473,691,1966-12-10,52,51.0,Tell It Like It Is,Aaron Neville,2.0,14.0,soul,R&B
474,474,474,692,1973-01-27,75,77.0,Fever,Rita Coolidge,76.0,7.0,female vocalists,Not Found
475,475,475,695,1980-07-26,33,33.0,Boulevard,Jackson Browne,19.0,16.0,singer-songwriter,Rock
476,476,476,696,1965-06-05,76,78.0,Too Many Rivers,Brenda Lee,13.0,13.0,oldies,Country
477,477,477,698,1985-08-17,83,85.0,People Get Ready,Jeff Beck,48.0,10.0,classic rock,Soul
478,478,478,699,1979-03-10,81,82.0,Heartaches,Bachman-Turner Overdrive,60.0,7.0,classic rock,Not Found
479,479,479,700,1970-11-07,74,72.0,Does Anybody Really Know What Time It Is?,Chicago,7.0,13.0,classic rock,Jazz fusion
480,480,480,701,1983-07-23,54,55.0,White Wedding,Billy Idol,36.0,13.0,rock,Rock
481,481,481,705,1977-08-20,69,67.0,Baby Don't Change Your Mind,Gladys Knight & The Pips,52.0,11.0,soul,Not Found
482,482,482,706,1972-12-16,19,20.0,Living In The Past,Jethro Tull,11.0,14.0,Progressive rock,Progressive rock
483,483,483,707,1959-03-16,61,60.0,This Should Go On Forever,Rod Bernard,20.0,11.0,rockabilly,Swamp pop
484,484,484,708,1976-04-17,31,29.0,Sara Smile,Daryl Hall & John Oates,4.0,28.0,80s,Blue-eyed soul
485,485,485,709,1987-02-28,56,56.0,Caught Up In The Rapture,Anita Baker,37.0,18.0,soul,Not Found
486,486,486,711,1981-09-19,37,36.0,Some Days Are Diamonds (Some Days Are Stone),John Denver,36.0,20.0,country,Country
487,487,487,713,1971-09-18,56,58.0,Ko-Ko Joe,Jerry Reed,51.0,6.0,country,Country
488,488,488,716,1981-07-11,36,35.0,Lady (You Bring Me Up),Commodores,8.0,22.0,soul,Disco
489,489,489,720,1972-12-23,47,46.0,Rocky Mountain High,John Denver,9.0,19.0,country,Folk rock
490,490,490,721,1977-12-24,98,100.0,Help Is On Its Way,Little River Band,14.0,22.0,classic rock,Rock
491,491,491,722,1962-06-23,34,36.0,Where Are You,Dinah Washington,36.0,10.0,jazz,Not Found
492,492,492,723,1969-03-15,67,67.0,Maybe Tomorrow,Badfinger,67.0,6.0,classic rock,Not Found
493,493,493,725,1970-12-12,22,23.0,For The Good Times,Ray Price,11.0,24.0,country,Not Found
494,494,494,726,1963-01-12,81,79.0,Would It Make Any Difference To You,Etta James,64.0,7.0,blues,Not Found
495,495,495,727,1965-03-27,2,4.0,Eight Days A Week,The Beatles,1.0,10.0,classic rock,[1]
496,496,496,728,1976-03-13,55,55.0,Breaking Up Is Hard To Do,Neil Sedaka,1.0,25.0,oldies,Brill Building
497,497,497,729,1986-05-24,42,42.0,Pretty In Pink,Psychedelic Furs,41.0,11.0,new wave,Post-punk
498,498,498,730,1961-09-04,30,32.0,(Marie's the Name) His Latest Flame,Elvis Presley,4.0,11.0,rock n roll,Rock and roll
499,499,499,731,1977-04-16,43,42.0,Lucille,Kenny Rogers,5.0,19.0,country,Country
500,500,500,733,1958-08-18,16,17.0,Bird Dog,The Everly Brothers,2.0,19.0,oldies,Country
501,501,501,734,1965-11-13,38,39.0,I Will,Dean Martin,10.0,10.0,jazz,Folk pop
502,502,502,735,1976-09-25,16,15.0,Getaway,"Earth, Wind & Fire",12.0,19.0,drone,R&B
503,503,503,736,1982-07-10,13,13.0,Do I Do,Stevie Wonder,13.0,14.0,soul,Post-disco
504,504,504,737,1978-09-02,52,50.0,Shadow Dancing,Andy Gibb,1.0,25.0,Disco,Disco
505,505,505,740,1959-10-12,48,46.0,Living Doll,Cliff Richard,30.0,13.0,oldies,Pop
506,506,506,741,1983-10-01,63,62.0,Love Is A Battlefield,Pat Benatar,5.0,22.0,80s,Not Found
507,507,507,742,1990-05-26,52,50.0,The Power,Snap,2.0,22.0,Not Found,Not Found
508,508,508,743,1979-06-16,48,47.0,One Way Or Another,Blondie,24.0,14.0,new wave,Punk rock
509,509,509,746,1958-12-15,20,18.0,That Old Black Magic,Louis Prima & Keely Smith,18.0,13.0,jazz,Label
510,510,510,747,1989-01-14,52,52.0,Baby Can I Hold You,Tracy Chapman,48.0,12.0,female vocalists,Contemporary folk
511,511,511,748,1965-12-25,60,61.0,Crying Time,Ray Charles,6.0,15.0,jazz,Country
512,512,512,749,1973-11-24,39,40.0,D'yer Mak'er,Led Zeppelin,20.0,16.0,classic rock,Reggae rock
513,513,513,751,1971-10-02,86,86.0,I'd Love To Change The World,Ten Years After,40.0,12.0,blues rock,Not Found
514,514,514,752,1971-12-25,58,57.0,Levon,Elton John,24.0,10.0,pop,Symphonic rock
515,515,515,755,1973-11-24,49,51.0,Smokin' In The Boy's Room,Brownsville Station,3.0,19.0,classic rock,Not Found
516,516,516,757,1990-11-24,70,71.0,World In My Eyes,Depeche Mode,52.0,10.0,electronic,Synthpop
517,517,517,758,1974-08-10,45,45.0,Come Monday,Jimmy Buffett,30.0,14.0,country,Country
518,518,518,759,1968-03-30,76,74.0,Foggy Mountain Breakdown,Flatt & Scruggs,55.0,12.0,bluegrass,Bluegrass
519,519,519,761,1977-07-09,62,63.0,Walk Right In,Dr. Hook,46.0,10.0,classic rock,Folk music
520,520,520,762,1973-12-08,62,64.0,Walk Like A Man,Grand Funk Railroad,19.0,12.0,classic rock,Not Found
521,521,521,765,1969-02-01,33,33.0,Too Weak To Fight,Clarence Carter,13.0,15.0,soul,Not Found
522,522,522,766,1964-12-05,11,12.0,Ask Me,Elvis Presley,12.0,12.0,rock n roll,Pop
523,523,523,767,1974-08-03,4,5.0,The Night Chicago Died,Paper Lace,1.0,17.0,pop,Power pop
524,524,524,768,1982-03-06,6,5.0,That Girl,Stevie Wonder,4.0,18.0,soul,Electropop
525,525,525,769,1984-11-10,14,12.0,All Through The Night,Cyndi Lauper,5.0,19.0,80s,Not Found
526,526,526,770,1969-03-15,85,84.0,Hair,The Cowsills,2.0,15.0,60s,Rock
527,527,527,772,1986-08-23,39,39.0,Press,Paul McCartney,21.0,11.0,classic rock,Rock
528,528,528,773,1959-10-19,33,33.0,I Want To Walk You Home,Fats Domino,8.0,13.0,blues,R&B
529,529,529,775,1991-08-17,69,69.0,Walking In Memphis,Marc Cohn,13.0,23.0,singer-songwriter,Soft rock
530,530,530,776,1985-04-20,16,14.0,Along Comes A Woman,Chicago,14.0,16.0,classic rock,Not Found
531,531,531,777,1965-10-30,15,14.0,Rescue Me,Fontella Bass,4.0,13.0,soul,Soul
532,532,532,779,1974-03-02,50,51.0,A Very Special Love Song,Charlie Rich,11.0,14.0,country,Country
533,533,533,780,1964-10-24,64,65.0,Time Is On My Side,The Rolling Stones,6.0,13.0,classic rock,Rock
534,534,534,781,1963-04-06,36,37.0,On Broadway,The Drifters,9.0,10.0,soul,Soul
535,535,535,782,1991-02-23,63,65.0,Because I Love You (The Postman Song),Stevie B,1.0,23.0,freestyle,Pop
536,536,536,783,1978-12-02,26,28.0,Hot Child In The City,Nick Gilder,1.0,31.0,rock,Pop rock
537,537,537,785,1966-03-05,92,90.0,(You're My) Soul And Inspiration,The Righteous Brothers,1.0,13.0,oldies,Pop
538,538,538,787,1958-09-01,58,58.0,The Ways Of A Woman In Love,Johnny Cash,24.0,11.0,country,Not Found
539,539,539,788,1960-12-31,2,3.0,Last Date,Floyd Cramer,2.0,20.0,piano,Country
540,540,540,789,1962-04-28,40,40.0,Hey! Baby,Bruce Channel,1.0,14.0,oldies,Pop
541,541,541,790,1962-06-16,21,21.0,Everybody Loves Me But You,Brenda Lee,6.0,11.0,oldies,Vocal
542,542,542,791,1988-03-05,12,11.0,"Hungry Eyes (From ""Dirty Dancing"")",Eric Carmen,4.0,24.0,pop,Not Found
543,543,543,792,1959-06-01,38,40.0,Almost Grown,Chuck Berry,32.0,12.0,Rock and Roll,Rock and roll
544,544,544,793,1978-01-21,64,65.0,My Way,Elvis Presley,22.0,12.0,rock n roll,Traditional pop
545,545,545,794,1985-01-12,90,88.0,Catch My Fall,Billy Idol,50.0,11.0,rock,Not Found
546,546,546,795,1976-05-15,35,35.0,I Want You,Marvin Gaye,15.0,13.0,soul,Soul
547,547,547,796,1974-11-23,29,27.0,"You're The First, The Last, My Everything",Barry White,2.0,15.0,soul,Rhythm and blues
548,548,548,797,1977-06-25,51,51.0,I Don't Love You Anymore,Teddy Pendergrass,41.0,14.0,soul,Country
549,549,549,798,1981-09-19,39,39.0,Straight From The Heart,The Allman Brothers Band,39.0,11.0,Southern Rock,Not Found
550,550,550,800,1976-08-07,71,73.0,Magic Man,Heart,9.0,23.0,classic rock,Hard rock
551,551,551,802,1980-09-20,87,86.0,Theme From The Dukes Of Hazzard (Good Ol' Boys),Waylon Jennings,21.0,23.0,country,Not Found
552,552,552,803,1986-09-13,38,40.0,True Colors,Cyndi Lauper,1.0,20.0,80s,Pop
553,553,553,804,1979-01-06,16,15.0,September,"Earth, Wind & Fire",8.0,17.0,drone,R&B
554,554,554,805,1958-09-15,6,5.0,Just A Dream,Jimmy Clanton,4.0,18.0,oldies,Not Found
555,555,555,806,1977-11-26,7,7.0,We're All Alone,Rita Coolidge,7.0,20.0,female vocalists,Soft rock
556,556,556,807,1978-12-02,63,64.0,You Took The Words Right Out Of My Mouth,Meat Loaf,39.0,13.0,rock,Glam rock
557,557,557,809,1984-11-03,87,88.0,On The Wings Of A Nightingale,Everly Brothers,50.0,12.0,oldies,Not Found
558,558,558,810,1990-09-15,3,5.0,Unskinny Bop,Poison,3.0,19.0,hard rock,Hard rock
559,559,559,811,1980-08-30,97,98.0,Let's Get Serious,Jermaine Jackson,9.0,23.0,soul,Not Found
560,560,560,812,1981-12-19,74,72.0,Super Freak (Part I),Rick James,16.0,24.0,funk,Not Found
561,561,561,813,1967-04-22,32,33.0,California Nights,Lesley Gore,16.0,14.0,60s,Pop
562,562,562,814,1960-03-21,67,67.0,Big Iron,Marty Robbins,26.0,10.0,country,Not Found
563,563,563,816,1960-03-14,18,17.0,Where Or When,Dion,3.0,16.0,oldies,Doo-wop
564,564,564,818,1984-11-10,8,8.0,Blue Jean,David Bowie,8.0,18.0,rock,Rock
565,565,565,819,1971-08-07,10,10.0,Mercy Mercy Me (The Ecology),Marvin Gaye,4.0,12.0,soul,Soul
566,566,566,821,1989-12-30,7,8.0,Just Like Jesse James,Cher,8.0,18.0,pop,Pop rock
567,567,567,822,1959-02-09,14,12.0,I Cried A Tear,LaVern Baker,6.0,21.0,rhythm and blues,Not Found
568,568,568,823,1978-02-25,77,79.0,Lovely Day,Bill Withers,30.0,12.0,soul,R&B
569,569,569,824,1976-03-27,31,29.0,50 Ways To Leave Your Lover,Paul Simon,1.0,17.0,singer-songwriter,Soft rock
570,570,570,827,1990-02-10,28,29.0,Just A Friend,Biz Markie,9.0,22.0,Hip-Hop,Comedy hip hop
571,571,571,828,1968-07-20,46,47.0,Journey To The Center Of The Mind,The Amboy Dukes,16.0,12.0,Psychedelic Rock,Not Found
572,572,572,830,1981-10-24,11,11.0,Tryin' To Live My Life Without You,Bob Seger,5.0,19.0,classic rock,R&B
573,573,573,831,1980-03-08,48,48.0,Sexy Eyes,Dr. Hook,5.0,21.0,classic rock,Post-disco
574,574,574,832,1982-01-23,32,30.0,Through The Years,Kenny Rogers,13.0,15.0,country,Not Found
575,575,575,833,1986-08-09,83,83.0,You Can Call Me Al,Paul Simon,23.0,29.0,singer-songwriter,Pop rock
576,576,576,834,1969-07-12,4,3.0,Good Morning Starshine,Oliver,3.0,13.0,House,Pop rock
577,577,577,837,1986-09-13,37,35.0,Sweet Love,Anita Baker,8.0,22.0,soul,R&B
578,578,578,838,1962-08-18,77,79.0,Surfin' Safari,The Beach Boys,14.0,17.0,classic rock,Garage rock
579,579,579,839,1975-07-19,23,23.0,When Will I Be Loved,Linda Ronstadt,2.0,19.0,female vocalists,Country
580,580,580,841,1968-10-05,22,23.0,Born To Be Wild,Steppenwolf,2.0,13.0,classic rock,Hard rock
581,581,581,842,1973-11-03,38,40.0,Goodbye Yellow Brick Road,Elton John,2.0,17.0,pop,Rock
582,582,582,843,1989-11-11,45,47.0,If I Could Turn Back Time,Cher,3.0,23.0,pop,Pop rock
583,583,583,844,1983-08-20,53,54.0,Burning Down The House,Talking Heads,9.0,20.0,new wave,New wave
584,584,584,845,1988-01-23,3,4.0,Got My Mind Set On You,George Harrison,1.0,22.0,classic rock,Rock
585,585,585,846,1979-06-02,48,49.0,Dance Away,Roxy Music,44.0,9.0,glam rock,Soft rock
586,586,586,847,1972-11-11,55,55.0,Sweet Surrender,Bread,15.0,11.0,soft rock,Not Found
587,587,587,848,1965-10-09,18,18.0,"Liar, Liar",The Castaways,12.0,14.0,Garage Rock,Rock
588,588,588,849,1988-07-09,28,28.0,Do You Love Me,The Contours,3.0,34.0,soul,Rock and roll
589,589,589,850,1984-04-28,64,62.0,Jump (for My Love),The Pointer Sisters,3.0,24.0,Disco,Dance
590,590,590,852,1969-05-03,82,80.0,Bad Moon Rising,Creedence Clearwater Revival,2.0,14.0,classic rock,Roots rock
591,591,591,853,1964-02-15,56,54.0,I Saw Her Standing There,The Beatles,14.0,11.0,classic rock,Rock and roll
592,592,592,856,1991-07-20,67,67.0,I Like The Way (The Kissing Game),Hi-Five,1.0,23.0,rnb,Not Found
593,593,593,857,1970-09-12,34,32.0,Get Up (I Feel Like Being Like A) Sex Machine (Part 1),James Brown,15.0,9.0,funk,Not Found
594,594,594,859,1980-09-13,42,43.0,Make A Little Magic,Nitty Gritty Dirt Band,25.0,16.0,country,Not Found
595,595,595,861,1982-11-27,68,67.0,You've Got Another Thing Comin',Judas Priest,67.0,7.0,heavy metal,Heavy metal
596,596,596,863,1961-02-06,33,32.0,Wheels,The String-A-Longs,3.0,16.0,instrumental,Not Found
597,597,597,864,1981-05-30,48,48.0,Elvira,Oak Ridge Boys,5.0,22.0,country,Country
598,598,598,865,1982-03-20,24,24.0,Don't Talk To Strangers,Rick Springfield,2.0,21.0,80s,Not Found
599,599,599,870,1985-11-30,66,65.0,And She Was,Talking Heads,54.0,20.0,new wave,Rock
600,600,600,872,1975-11-22,28,28.0,Secret Love,Freddy Fender,20.0,11.0,country,Not Found
601,601,601,873,1959-08-24,26,25.0,The Battle Of New Orleans,Johnny Horton,1.0,20.0,country,Not Found
602,602,602,874,1973-02-24,71,73.0,Superman,Donna Fargo,41.0,9.0,country,Country
603,603,603,875,1977-02-05,39,39.0,She Thinks I Still Care,Elvis Presley,31.0,13.0,rock n roll,Country
604,604,604,879,1986-08-02,56,55.0,Walk This Way,Run-D.M.C.,4.0,16.0,Hip-Hop,Hard rock
605,605,605,881,1981-04-04,11,12.0,Don't Stand So Close To Me,The Police,10.0,18.0,rock,Rock
606,606,606,882,1984-03-17,4,3.0,Somebody's Watching Me,Rockwell,2.0,19.0,Drum and bass,Synth-funk
607,607,607,884,1989-05-20,89,89.0,One,Metallica,35.0,15.0,thrash metal,Thrash metal
608,608,608,885,1990-10-06,60,61.0,The Way You Do The Things You Do,UB40,6.0,25.0,reggae,Soul
609,609,609,886,1984-08-25,69,71.0,Dance Hall Days,Wang Chung,16.0,22.0,80s,New wave
610,610,610,887,1989-09-09,99,99.0,Me Myself And I,De La Soul,34.0,17.0,Hip-Hop,Not Found
611,611,611,888,1977-08-06,67,67.0,Baby Don't Change Your Mind,Gladys Knight & The Pips,52.0,11.0,soul,Not Found
612,612,612,889,1988-10-15,7,7.0,Don't You Know What The Night Can Do?,Steve Winwood,6.0,17.0,classic rock,Not Found
613,613,613,890,1966-07-16,29,31.0,Let's Go Get Stoned,Ray Charles,31.0,9.0,jazz,R&B
614,614,614,891,1967-04-22,82,83.0,Happy Jack,The Who,24.0,9.0,classic rock,Rock
615,615,615,893,1970-07-25,24,25.0,War,Edwin Starr,1.0,15.0,soul,Psychedelic soul
616,616,616,894,1981-07-04,91,91.0,On And On And On,Abba,90.0,6.0,pop,Pop
617,617,617,895,1974-05-11,77,78.0,A Dream Goes On Forever,Todd Rundgren,69.0,6.0,classic rock,Progressive rock
618,618,618,896,1967-03-11,25,27.0,California Nights,Lesley Gore,16.0,14.0,60s,Pop
619,619,619,898,1981-04-25,11,11.0,I Can't Stand It,Eric Clapton,10.0,17.0,classic rock,Rock
620,620,620,900,1968-02-24,4,4.0,I Wish It Would Rain,The Temptations,4.0,14.0,soul,Soul blues
621,621,621,901,1971-02-13,68,67.0,Country Road,James Taylor,37.0,8.0,folk,Folk rock
622,622,622,902,1974-09-21,73,72.0,"Honey, Honey",Abba,27.0,10.0,pop,Pop
623,623,623,903,1963-09-28,3,3.0,Be My Baby,The Ronettes,2.0,13.0,60s,Pop
624,624,624,904,1966-04-23,60,61.0,Till The End Of The Day,The Kinks,50.0,8.0,classic rock,Not Found
625,625,625,905,1970-08-15,35,33.0,Teach Your Children,"Crosby, Stills & Nash",16.0,11.0,All,Country rock
626,626,626,909,1989-08-19,32,32.0,Kisses On The Wind,Neneh Cherry,8.0,14.0,female vocalists,Not Found
627,627,627,910,1980-07-05,85,86.0,Time For Me To Fly,REO Speedwagon,56.0,13.0,classic rock,Not Found
628,628,628,911,1990-05-26,4,4.0,Hold On,Wilson Phillips,1.0,25.0,pop,Pop rock
629,629,629,913,1989-04-22,8,8.0,Girl You Know It's True,Milli Vanilli,2.0,26.0,80s,Dance-pop
630,630,630,914,1977-01-15,96,97.0,If Not You,Dr. Hook,55.0,11.0,classic rock,Not Found
631,631,631,915,1972-09-09,63,63.0,Sweet Caroline (Good Times Never Seemed So Good),Bobby Womack,51.0,9.0,soul,Not Found
632,632,632,916,1978-12-23,13,13.0,Promises,Eric Clapton,9.0,18.0,classic rock,Rock and roll
633,633,633,917,1974-01-05,62,60.0,Love Song,Anne Murray,12.0,17.0,country,Not Found
634,634,634,920,1982-09-25,23,23.0,Hot In The City,Billy Idol,23.0,27.0,rock,New wave
635,635,635,923,1967-09-16,89,88.0,Judy,Elvis Presley,78.0,5.0,rock n roll,Not Found
636,636,636,925,1976-10-23,26,25.0,The Best Disco In Town,The Ritchie Family,17.0,20.0,Disco,Not Found
637,637,637,926,1960-11-07,44,44.0,Perfidia,The Ventures,15.0,13.0,Surf,Not Found
638,638,638,927,1969-09-06,54,53.0,"Out Of Sight, Out Of Mind",Little Anthony & The Imperials,52.0,9.0,soul,Not Found
639,639,639,928,1968-05-25,13,12.0,Mony Mony,Tommy James,3.0,17.0,classic rock,Rock
640,640,640,929,1987-05-23,64,65.0,Dirty Water,Rock And Hyde,61.0,10.0,80s,Garage rock
641,641,641,932,1971-05-08,44,45.0,Treat Her Like A Lady,Cornelius Brothers & Sister Rose,3.0,18.0,soul,Not Found
642,642,642,933,1968-06-29,54,53.0,Eleanor Rigby,Ray Charles,35.0,10.0,jazz,Baroque pop
643,643,643,935,1968-04-20,1,3.0,Cry Like A Baby,The Box Tops,2.0,15.0,60s,Not Found
644,644,644,940,1974-08-03,3,3.0,Feel Like Makin' Love,Roberta Flack,1.0,16.0,soul,Soul
645,645,645,941,1986-08-16,93,91.0,Like A Rock,Bob Seger,12.0,13.0,classic rock,Not Found
646,646,646,943,1968-10-05,50,49.0,I Found A True Love,Wilson Pickett,42.0,7.0,soul,Not Found
647,647,647,944,1980-05-17,37,36.0,Starting Over Again,Dolly Parton,36.0,10.0,country,Country
648,648,648,945,1971-07-24,41,39.0,Riders On The Storm,The Doors,14.0,12.0,classic rock,Psychedelic rock
649,649,649,946,1968-01-20,7,8.0,I Second That Emotion,The Miracles,4.0,15.0,soul,Soul
650,650,650,947,1967-09-16,65,65.0,Fakin' It,Simon & Garfunkel,23.0,8.0,folk,Folk rock
651,651,651,948,1962-03-17,25,24.0,The Twist,Chubby Checker,1.0,38.0,Rock and Roll,Rock and roll
652,652,652,950,1971-12-11,8,8.0,All I Ever Need Is You,Sonny & Cher,7.0,15.0,60s,Pop
653,653,653,952,1979-03-31,66,65.0,Feelin' Satisfied,Boston,46.0,7.0,classic rock,Hard rock
654,654,654,954,1959-02-02,20,19.0,I Cried A Tear,LaVern Baker,6.0,21.0,rhythm and blues,Not Found
655,655,655,956,1982-07-31,33,35.0,Eye In The Sky,The Alan Parsons Project,3.0,25.0,Progressive rock,Not Found
656,656,656,958,1978-07-29,3,3.0,Miss You,The Rolling Stones,1.0,20.0,classic rock,Disco
657,657,657,961,1978-05-06,32,30.0,Take A Chance On Me,Abba,3.0,18.0,pop,Europop
658,658,658,963,1981-05-16,82,84.0,The Stroke,Billy Squier,17.0,20.0,classic rock,Hard rock
659,659,659,964,1967-01-07,63,65.0,Hello Hello,"The Sopwith ""Camel""",26.0,10.0,Psychedelic Rock,Not Found
660,660,660,965,1967-03-25,45,45.0,Sweet Soul Music,Arthur Conley,2.0,15.0,soul,Soul
661,661,661,967,1976-11-06,65,67.0,Breezin',George Benson,63.0,6.0,jazz,Smooth jazz
662,662,662,968,1966-10-29,29,31.0,Coming On Strong,Brenda Lee,11.0,13.0,oldies,Pop
663,663,663,969,1980-10-18,58,57.0,Don't Ask Me Why,Billy Joel,19.0,15.0,classic rock,Pop rock
664,664,664,970,1983-12-10,92,94.0,Modern Love,David Bowie,14.0,13.0,rock,Rock
665,665,665,973,1983-04-30,81,83.0,Little Too Late,Pat Benatar,20.0,14.0,80s,Not Found
666,666,666,974,1988-09-17,57,58.0,"Kokomo (From The ""Cocktail"" Soundtrack)",The Beach Boys,1.0,28.0,classic rock,Not Found
667,667,667,978,1971-03-06,84,82.0,The Look Of Love,Isaac Hayes,79.0,5.0,soul,Not Found
668,668,668,979,1984-04-28,99,97.0,Karma Chameleon,Culture Club,1.0,22.0,80s,Not Found
669,669,669,981,1986-11-01,97,99.0,Venus,Bananarama,1.0,19.0,80s,Folk rock
670,670,670,982,1991-11-02,88,88.0,Unforgettable,Natalie Cole,14.0,17.0,jazz,Pop
671,671,671,984,1963-07-06,4,4.0,Hello Stranger,Barbara Lewis,3.0,14.0,soul,R&B
672,672,672,985,1974-08-10,68,69.0,Dancing Machine,The Jacksons,2.0,22.0,soul,Funk
673,673,673,986,1977-01-22,3,3.0,You Make Me Feel Like Dancing,Leo Sayer,1.0,21.0,pop,Disco
674,674,674,987,1978-12-09,87,88.0,Baby I'm Burnin',Dolly Parton,25.0,14.0,country,Disco
675,675,675,988,1971-06-05,17,18.0,If,Bread,4.0,12.0,soft rock,Soft rock
676,676,676,990,1966-05-28,36,36.0,Shapes Of Things,The Yardbirds,11.0,11.0,classic rock,Psychedelic rock
677,677,677,991,1974-12-07,79,78.0,The Bitch Is Back,Elton John,4.0,14.0,pop,Hard rock
678,678,678,992,1985-05-18,22,24.0,Nightshift,Commodores,3.0,22.0,soul,Soul
679,679,679,993,1971-01-16,27,25.0,There Goes My Everything,Elvis Presley,21.0,9.0,rock n roll,Country
680,680,680,995,1982-11-27,3,2.0,Gloria,Laura Branigan,2.0,36.0,80s,Pop
681,681,681,996,1970-08-22,35,35.0,I Want To Take You Higher,Ike & Tina Turner,34.0,18.0,soul,Psychedelic soul
682,682,682,999,1973-04-21,38,39.0,Hocus Pocus,Focus,9.0,19.0,Progressive rock,Progressive rock
683,683,683,1002,1982-03-20,19,18.0,Freeze-Frame,The J. Geils Band,4.0,16.0,classic rock,Not Found
684,684,684,1003,1978-01-28,3,1.0,Baby Come Back,Player,1.0,32.0,70s,Soft rock
685,685,685,1006,1961-06-26,34,35.0,Three Hearts In A Tangle,Roy Drusky,35.0,16.0,classic country,Not Found
686,686,686,1007,1990-10-20,25,25.0,Unchained Melody,Righteous Brothers,13.0,44.0,oldies,Blue-eyed soul
687,687,687,1009,1975-09-06,93,95.0,The Millionaire,Dr. Hook,95.0,5.0,classic rock,Not Found
688,688,688,1011,1989-07-29,46,44.0,I Drove All Night,Cyndi Lauper,6.0,15.0,80s,Pop rock
689,689,689,1012,1991-02-23,14,13.0,All This Time,Sting,5.0,15.0,rock,Pop rock
690,690,690,1013,1984-02-11,45,44.0,Time Will Reveal,Debarge,18.0,18.0,80s,West Coast hip hop
691,691,691,1014,1976-07-24,47,47.0,Play That Funky Music,Wild Cherry,1.0,25.0,funk,Funk rock
692,692,692,1016,1977-04-16,54,53.0,Disco Inferno,The Trammps,11.0,29.0,Disco,Disco
693,693,693,1018,1965-07-10,85,83.0,In The Midnight Hour,Wilson Pickett,21.0,12.0,soul,R&B
694,694,694,1019,1989-12-16,35,36.0,The Arms Of Orion,Prince (With Sheena Easton),36.0,14.0,funk,Not Found
695,695,695,1020,1973-05-26,64,65.0,Hey You! Get Off My Mountain,The Dramatics,43.0,12.0,soul,Not Found
696,696,696,1021,1967-07-01,60,60.0,Soul Dance Number Three,Wilson Pickett,55.0,5.0,soul,Not Found
697,697,697,1022,1978-09-09,90,92.0,Surrender,Cheap Trick,62.0,8.0,classic rock,Rock
698,698,698,1024,1960-05-16,93,93.0,Baby What You Want Me To Do,Jimmy Reed,37.0,14.0,blues,Not Found
699,699,699,1025,1973-08-11,64,64.0,Over The Hills And Far Away,Led Zeppelin,51.0,8.0,classic rock,Not Found
700,700,700,1027,1985-02-16,70,72.0,Lucky,Greg Kihn,30.0,12.0,rock,Not Found
701,701,701,1031,1985-09-07,1,3.0,We Don't Need Another Hero (Thunderdome),Tina Turner,2.0,18.0,pop,New wave
702,702,702,1032,1973-04-07,50,52.0,Down And Out In New York City,James Brown,50.0,7.0,funk,Not Found
703,703,703,1033,1967-11-18,92,94.0,Goin' Back,The Byrds,89.0,3.0,classic rock,Pop
704,704,704,1034,1973-02-10,93,91.0,Sugar Magnolia,Grateful Dead,91.0,2.0,classic rock,Country Rock
705,705,705,1037,1961-12-04,44,44.0,Town Without Pity,Gene Pitney,13.0,16.0,60s,Not Found
706,706,706,1039,1989-09-02,13,12.0,Girl I m Gonna Miss You,Milli Vanilli,1.0,21.0,80s,Not Found
707,707,707,1040,1978-05-20,24,24.0,Lay Down Sally,Eric Clapton,3.0,23.0,classic rock,Roots rock
708,708,708,1041,1962-06-09,6,6.0,It Keeps Right On A-Hurtin',Johnny Tillotson,3.0,12.0,oldies,Country
709,709,709,1042,1972-01-22,75,75.0,Oh Me Oh My (I'm A Fool For You Baby),Aretha Franklin,73.0,4.0,soul,Not Found
710,710,710,1043,1983-09-10,46,45.0,Is There Something I Should Know,Duran Duran,4.0,17.0,80s,New wave
711,711,711,1044,1967-01-07,23,23.0,I've Passed This Way Before,Jimmy Ruffin,17.0,11.0,soul,Not Found
712,712,712,1045,1978-04-15,18,16.0,Count On Me,Jefferson Starship,8.0,14.0,classic rock,Rock
713,713,713,1046,1962-02-03,92,94.0,Jamie,Eddie Holland,30.0,11.0,soul,Not Found
714,714,714,1048,1968-12-14,22,23.0,Hooked On A Feeling,B.J. Thomas,5.0,16.0,pop,Funk
715,715,715,1051,1982-01-09,46,46.0,My Kinda Lover,Billy Squier,45.0,10.0,classic rock,Rock
716,716,716,1052,1980-07-05,93,94.0,Another Brick In The Wall (Part II),Pink Floyd,1.0,25.0,Progressive rock,Not Found
717,717,717,1053,1980-03-08,22,24.0,Heartbreaker,Pat Benatar,23.0,18.0,80s,Hard rock
718,718,718,1054,1968-12-14,66,65.0,I Walk Alone,Marty Robbins,65.0,8.0,country,Country
719,719,719,1055,1959-09-21,50,49.0,My Wish Came True,Elvis Presley,12.0,11.0,rock n roll,Rock and roll
720,720,720,1056,1979-09-08,3,3.0,After The Love Has Gone,"Earth, Wind & Fire",2.0,17.0,drone,R&B
721,721,721,1058,1971-08-21,24,23.0,Ain't No Sunshine,Bill Withers,3.0,16.0,soul,Soul
722,722,722,1059,1962-10-20,86,86.0,I've Been Everywhere,Hank Snow,68.0,8.0,country,Country
723,723,723,1061,1975-02-22,4,2.0,Best Of My Love,Eagles,1.0,19.0,classic rock,Not Found
724,724,724,1062,1986-06-28,14,15.0,Tuff Enuff,The Fabulous Thunderbirds,10.0,19.0,blues rock,Blues-rock
725,725,725,1063,1963-06-08,40,39.0,This Little Girl,Dion,21.0,8.0,oldies,Not Found
726,726,726,1064,1979-09-22,5,6.0,Sad Eyes,Robert John,1.0,27.0,classic rock,Soft rock
727,727,727,1066,1985-12-14,44,44.0,My Hometown,Bruce Springsteen,6.0,15.0,rock,Rock
728,728,728,1067,1985-11-30,75,76.0,Hurts To Be In Love,Gino Vannelli,57.0,12.0,pop,Not Found
729,729,729,1068,1974-12-07,35,34.0,Never Can Say Goodbye,Gloria Gaynor,9.0,17.0,Disco,Soul
730,730,730,1069,1974-12-07,24,24.0,Must Of Got Lost,The J. Geils Band,12.0,11.0,classic rock,Not Found
731,731,731,1070,1979-02-03,37,37.0,Every Time I Think Of You,The Babys,13.0,16.0,classic rock,Not Found
732,732,732,1071,1977-08-06,44,43.0,Rock And Roll Never Forgets,Bob Seger,41.0,8.0,classic rock,Not Found
733,733,733,1072,1959-11-16,17,17.0,Be My Guest,Fats Domino,8.0,14.0,blues,pop
734,734,734,1073,1976-08-07,42,42.0,Devil Woman,Cliff Richard,6.0,22.0,oldies,Pop rock
735,735,735,1076,1978-09-02,91,93.0,Can We Still Be Friends,Todd Rundgren,29.0,15.0,classic rock,Soft rock
736,736,736,1078,1978-11-25,41,41.0,There'll Never Be,Switch,36.0,13.0,House,Not Found
737,737,737,1082,1982-07-17,19,18.0,Take Me Down,Alabama,18.0,13.0,country,Country
738,738,738,1084,1984-12-15,11,10.0,All Through The Night,Cyndi Lauper,5.0,19.0,80s,Not Found
739,739,739,1085,1970-06-06,9,9.0,Make Me Smile,Chicago,9.0,14.0,classic rock,Rock
740,740,740,1086,1977-05-28,65,64.0,Don't Leave Me This Way,Thelma Houston,1.0,24.0,Disco,Disco
741,741,741,1087,1965-10-23,72,71.0,There But For Fortune,Joan Baez,50.0,7.0,folk,Not Found
742,742,742,1089,1987-12-12,89,90.0,Who Will You Run To,Heart,7.0,22.0,classic rock,Rock
743,743,743,1091,1962-09-29,44,44.0,He's A Rebel,The Crystals,1.0,18.0,60s,Rock and roll
744,744,744,1093,1974-11-30,1,1.0,I Can Help,Billy Swan,1.0,18.0,country,Pop
745,745,745,1094,1961-11-20,91,92.0,There's No Other (Like My Baby),The Crystals,20.0,9.0,60s,Rock
746,746,746,1096,1970-01-31,56,56.0,Look-Ka Py Py,The Meters,56.0,10.0,funk,Funk
747,747,747,1097,1979-07-28,32,31.0,After The Love Has Gone,"Earth, Wind & Fire",2.0,17.0,drone,R&B
748,748,748,1098,1985-03-09,17,15.0,Private Dancer,Tina Turner,7.0,18.0,pop,Pop
749,749,749,1099,1962-06-16,46,46.0,Where Are You,Dinah Washington,36.0,10.0,jazz,Not Found
750,750,750,1100,1967-12-23,24,23.0,If I Could Build My Whole World Around You,"Marvin Gaye,Tammi Terrell",10.0,11.0,soul,Soul
751,751,751,1101,1962-04-28,70,71.0,(I was) Born To Cry,Dion,42.0,7.0,oldies,Not Found
752,752,752,1102,1982-11-27,13,12.0,Rock This Town,Stray Cats,9.0,21.0,rockabilly,Rockabilly
753,753,753,1103,1962-03-24,31,32.0,The Twist,Chubby Checker,1.0,38.0,Rock and Roll,Rock and roll
754,754,754,1104,1987-03-07,33,32.0,What You Get Is What You See,Tina Turner,13.0,14.0,pop,Rock
755,755,755,1106,1990-04-07,76,74.0,Bust A Move,Young MC,7.0,39.0,Hip-Hop,Not Found
756,756,756,1107,1976-12-11,49,49.0,"Ob-La-Di, Ob-La-Da",The Beatles,49.0,7.0,classic rock,Pop
757,757,757,1109,1988-09-10,56,58.0,It Takes Two,Rob Base,36.0,16.0,Hip-Hop,Soul
758,758,758,1110,1972-12-09,79,77.0,Reelin' & Rockin',Chuck Berry,27.0,13.0,Rock and Roll,Not Found
759,759,759,1111,1963-08-17,99,98.0,Land Of 1000 Dances,Chris Kenner,77.0,7.0,soul,Rhythm and blues
760,760,760,1112,1980-12-06,33,33.0,Never Knew Love Like This Before,Stephanie Mills,6.0,25.0,soul,R&B
761,761,761,1113,1960-07-11,66,65.0,Lonely Weekends,Charlie Rich,22.0,21.0,country,Not Found
762,762,762,1114,1969-01-11,3,3.0,Wichita Lineman,Glen Campbell,3.0,15.0,country,Country
763,763,763,1116,1961-04-10,30,31.0,Ebony Eyes,The Everly Brothers,8.0,12.0,oldies,Not Found
764,764,764,1117,1967-12-09,49,47.0,If I Could Build My Whole World Around You,"Marvin Gaye,Tammi Terrell",10.0,11.0,soul,Soul
765,765,765,1118,1964-10-10,47,45.0,Funny Girl,Barbra Streisand,44.0,9.0,female vocalists,Not Found
766,766,766,1119,1985-04-20,96,94.0,Will The Wolf Survive,Los Lobos,78.0,5.0,latin,Not Found
767,767,767,1120,1960-05-09,42,43.0,Big Iron,Marty Robbins,26.0,10.0,country,Not Found
768,768,768,1121,1966-11-26,18,17.0,A Hazy Shade Of Winter,Simon & Garfunkel,13.0,9.0,folk,Folk rock
769,769,769,1123,1960-06-27,34,34.0,Lonely Weekends,Charlie Rich,22.0,21.0,country,Not Found
770,770,770,1124,1975-12-06,52,52.0,Carry Me,"David Crosby,Graham Nash",52.0,6.0,folk rock,Not Found
771,771,771,1125,1965-09-18,25,26.0,Treat Her Right,Roy Head,2.0,11.0,Blue-Eyed Soul,Soul
772,772,772,1126,1986-07-26,3,3.0,Invisible Touch,Genesis,1.0,17.0,Progressive rock,Pop rock
773,773,773,1127,1971-02-13,12,13.0,One Less Bell To Answer,The 5th Dimension,2.0,19.0,60s,Not Found
774,774,774,1132,1963-07-06,11,12.0,Those Lazy-Hazy-Crazy Days Of Summer,"Nat ""King"" Cole",6.0,12.0,jazz,Not Found
775,775,775,1133,1980-03-08,15,15.0,Cruisin',Smokey Robinson,4.0,25.0,soul,Soul
776,776,776,1134,1961-08-14,51,51.0,Mighty Good Lovin',The Miracles,51.0,6.0,soul,Not Found
777,777,777,1135,1971-09-25,40,41.0,Loving Her Was Easier (Than Anything I'll Ever Do Again),Kris Kristofferson,26.0,13.0,country,Not Found
778,778,778,1136,1969-09-20,8,7.0,Get Together,The Youngbloods,5.0,25.0,classic rock,Psychedelic rock
779,779,779,1138,1976-12-18,43,42.0,Torn Between Two Lovers,Mary MacGregor,1.0,22.0,female vocalists,Soft rock
780,780,780,1139,1975-10-11,71,70.0,Are You Sure Hank Done It This Way,Waylon Jennings,60.0,9.0,country,Country
781,781,781,1140,1990-02-03,100,100.0,Oh Father,Madonna,20.0,13.0,pop,Baroque pop
782,782,782,1141,1963-12-07,26,26.0,Talk Back Trembling Lips,Johnny Tillotson,7.0,13.0,oldies,Country
783,783,783,1142,1964-09-19,12,12.0,A Hard Day's Night,The Beatles,1.0,13.0,classic rock,Rock
784,784,784,1143,1981-03-21,9,9.0,I Love A Rainy Night,Eddie Rabbitt,1.0,28.0,country,Country rock
785,785,785,1145,1991-11-16,74,74.0,Tell Me What You Want Me To Do,Tevin Campbell,6.0,25.0,rnb,Not Found
786,786,786,1146,1968-11-16,10,9.0,"Abraham, Martin And John",Dion,4.0,14.0,oldies,Not Found
787,787,787,1147,1972-04-15,10,10.0,A Cowboys Work Is Never Done,Sonny & Cher,8.0,13.0,60s,Not Found
788,788,788,1148,1989-01-28,84,85.0,I Don't Want Your Love,Duran Duran,4.0,16.0,80s,New wave
789,789,789,1149,1958-08-18,99,100.0,Going To Chicago Blues,Count Basie,100.0,1.0,jazz,Not Found
790,790,790,1150,1983-01-29,84,85.0,Rock This Town,Stray Cats,9.0,21.0,rockabilly,Rockabilly
791,791,791,1151,1966-03-26,9,8.0,(You're My) Soul And Inspiration,The Righteous Brothers,1.0,13.0,oldies,Pop
792,792,792,1152,1963-01-19,36,37.0,Love Came To Me,Dion,10.0,11.0,oldies,Not Found
793,793,793,1153,1965-12-11,27,26.0,The Sounds Of Silence,Simon & Garfunkel,1.0,14.0,folk,Not Found
794,794,794,1154,1966-05-28,99,99.0,Think Of Me,Buck Owens,74.0,5.0,country,Not Found
795,795,795,1155,1978-03-18,27,25.0,Running On Empty,Jackson Browne,11.0,17.0,singer-songwriter,Not Found
796,796,796,1157,1977-10-22,95,95.0,Easy,Commodores,4.0,22.0,soul,Soft rock
797,797,797,1160,1959-08-24,54,55.0,I Got Stripes,Johnny Cash,43.0,11.0,country,Not Found
798,798,798,1161,1982-03-27,34,34.0,Daddy's Home,Cliff Richard,23.0,13.0,oldies,R&B
799,799,799,1162,1979-12-01,29,28.0,Cruisin',Smokey Robinson,4.0,25.0,soul,Soul
800,800,800,1163,1973-04-14,73,73.0,My Love,Paul McCartney,1.0,18.0,classic rock,Rock
801,801,801,1164,1976-06-19,87,88.0,Ten Percent,Double Exposure,54.0,9.0,Disco,Soul
802,802,802,1166,1959-02-02,21,19.0,I Cried A Tear,LaVern Baker,6.0,21.0,rhythm and blues,Not Found
803,803,803,1167,1984-04-07,61,61.0,Rebel Yell,Billy Idol,46.0,14.0,rock,Hard rock
804,804,804,1168,1976-07-24,75,77.0,Ode To Billie Joe,Bobbie Gentry,1.0,20.0,country,Country
805,805,805,1169,1991-08-24,26,26.0,"Right Here, Right Now",Jesus Jones,2.0,25.0,alternative,Alternative rock
806,806,806,1170,1968-05-25,32,33.0,Summertime Blues,Blue Cheer,14.0,13.0,Psychedelic Rock,Rock and roll
807,807,807,1171,1977-03-19,4,4.0,Night Moves,Bob Seger,4.0,21.0,classic rock,Rock
808,808,808,1173,1986-07-26,58,59.0,Live To Tell,Madonna,1.0,18.0,pop,Pop
809,809,809,1174,1978-02-25,19,20.0,Happy Anniversary,Little River Band,16.0,18.0,classic rock,Not Found
810,810,810,1177,1980-07-05,6,6.0,Against The Wind,Bob Seger,5.0,17.0,classic rock,Not Found
811,811,811,1178,1969-11-29,49,51.0,I Want You Back,The Jacksons,1.0,19.0,soul,Pop
812,812,812,1180,1971-03-27,66,68.0,Lucky Man,"Emerson, Lake & Palmer",48.0,19.0,metalcore,Progressive rock
813,813,813,1181,1966-06-04,14,14.0,Kicks,Paul Revere & The Raiders,4.0,14.0,60s,Garage rock
814,814,814,1182,1967-07-22,70,70.0,My World Fell Down,Sagittarius,70.0,5.0,neofolk,Pop rock
815,815,815,1183,1985-04-27,65,64.0,Private Dancer,Tina Turner,7.0,18.0,pop,Pop
816,816,816,1186,1969-01-04,54,53.0,"Baby, Baby Don't Cry",The Miracles,8.0,14.0,soul,Soul
817,817,817,1188,1988-04-23,11,11.0,Man In The Mirror,Michael Jackson,1.0,16.0,pop,Not Found
818,818,818,1190,1976-01-24,54,53.0,Only Sixteen,Dr. Hook,6.0,22.0,classic rock,Rhythm and blues
819,819,819,1192,1967-02-18,24,26.0,Standing In The Shadows Of Love,Four Tops,6.0,10.0,soul,Not Found
820,820,820,1193,1964-12-12,30,29.0,She's A Woman,The Beatles,4.0,9.0,classic rock,Rock and roll
821,821,821,1194,1971-10-23,40,42.0,The Year That Clayton Delaney Died,Tom T. Hall,42.0,12.0,country,Country
822,822,822,1197,1983-11-19,50,48.0,I Won't Stand In Your Way,Stray Cats,35.0,12.0,rockabilly,Not Found
823,823,823,1200,1977-10-29,78,76.0,Echoes Of Love,The Doobie Brothers,66.0,7.0,classic rock,Not Found
824,824,824,1201,1978-09-02,1,2.0,Three Times A Lady,Commodores,1.0,20.0,soul,Label
825,825,825,1203,1982-07-31,96,95.0,Island Of Lost Souls,Blondie,37.0,10.0,new wave,Not Found
826,826,826,1204,1979-12-22,75,76.0,Heartbreaker,Pat Benatar,23.0,18.0,80s,Hard rock
827,827,827,1208,1983-03-19,52,50.0,Even Now,Bob Seger,12.0,12.0,classic rock,Not Found
828,828,828,1210,1962-04-21,86,86.0,Lovers Who Wander,Dion,3.0,12.0,oldies,Rock and roll
829,829,829,1211,1964-03-07,14,13.0,You Don't Own Me,Lesley Gore,2.0,13.0,60s,Pop
830,830,830,1212,1965-09-18,23,22.0,Baby Don't Go,Sonny & Cher,8.0,12.0,60s,Pop rock
831,831,831,1213,1965-03-20,40,39.0,I Don't Want To Spoil The Party,The Beatles,39.0,6.0,classic rock,Country rock
832,832,832,1217,1978-09-23,99,98.0,Last Dance,Donna Summer,3.0,21.0,Disco,Disco
833,833,833,1218,1973-06-30,20,20.0,Behind Closed Doors,Charlie Rich,15.0,19.0,country,Country
834,834,834,1220,1970-06-06,6,6.0,Get Ready,Rare Earth,4.0,20.0,classic rock,Soul
835,835,835,1221,1967-12-02,83,82.0,I'm In Love,Wilson Pickett,45.0,10.0,soul,Not Found
836,836,836,1222,1980-03-15,58,59.0,Carrie,Cliff Richard,34.0,11.0,oldies,Synthpop
837,837,837,1223,1983-07-23,28,29.0,I'll Tumble 4 Ya,Culture Club,9.0,16.0,80s,Pop
838,838,838,1225,1965-01-23,84,85.0,I've Got A Tiger By The Tail,Buck Owens,25.0,9.0,country,Not Found
839,839,839,1226,1989-02-18,21,22.0,All She Wants Is,Duran Duran,22.0,13.0,80s,New wave
840,840,840,1227,1970-09-05,5,6.0,25 Or 6 To 4,Chicago,4.0,20.0,classic rock,Not Found
841,841,841,1228,1975-12-13,5,5.0,Saturday Night,Bay City Rollers,1.0,17.0,70s,Glam rock
842,842,842,1229,1971-06-19,68,67.0,You've Got A Friend,"Roberta Flack,Donny Hathaway",29.0,12.0,soul,Soft rock
843,843,843,1232,1979-11-03,29,28.0,Heaven Must Have Sent You,Bonnie Pointer,11.0,23.0,Disco,R&B
844,844,844,1234,1986-12-13,24,24.0,Amanda,Boston,1.0,18.0,classic rock,Rock
845,845,845,1235,1973-09-22,81,81.0,For Ol' Times Sake,Elvis Presley,41.0,9.0,rock n roll,Not Found
846,846,846,1237,1986-07-05,34,34.0,Something About You,Level 42,7.0,27.0,80s,Not Found
847,847,847,1239,1961-01-09,6,5.0,Will You Love Me Tomorrow,The Shirelles,1.0,19.0,60s,R&B
848,848,848,1240,1978-11-18,17,17.0,Alive Again,Chicago,14.0,13.0,classic rock,Disco
849,849,849,1242,1978-05-20,77,75.0,Last Dance,Donna Summer,3.0,21.0,Disco,Disco
850,850,850,1244,1965-10-30,33,32.0,Help!,The Beatles,1.0,13.0,classic rock,Folk rock
851,851,851,1245,1973-10-20,10,10.0,Paper Roses,Marie Osmond,5.0,16.0,country,Traditional pop
852,852,852,1246,1982-05-22,88,86.0,Happy Man,Greg Kihn Band,62.0,7.0,rock,Not Found
853,853,853,1247,1964-10-31,40,40.0,20-75,Willie Mitchell,31.0,10.0,soul,Not Found
854,854,854,1248,1962-06-30,10,12.0,That's Old Fashioned (That's The Way Love Should Be),The Everly Brothers,9.0,9.0,oldies,Not Found
855,855,855,1249,1976-09-25,20,21.0,Rock'n Me,Steve Miller Band,1.0,18.0,classic rock,Rock
856,856,856,1250,1977-07-16,83,85.0,Baby Don't Change Your Mind,Gladys Knight & The Pips,52.0,11.0,soul,Not Found
857,857,857,1253,1962-10-20,15,15.0,All Alone Am I,Brenda Lee,3.0,15.0,oldies,Not Found
858,858,858,1256,1982-02-20,26,26.0,Abacab,Genesis,26.0,14.0,Progressive rock,Pop rock
859,859,859,1257,1975-01-18,81,80.0,Lovin' You,Minnie Riperton,1.0,18.0,soul,Soul
860,860,860,1258,1980-12-27,3,4.0,Lady,Kenny Rogers,1.0,25.0,country,Country
861,861,861,1260,1991-09-14,61,62.0,"Right Here, Right Now",Jesus Jones,2.0,25.0,alternative,Alternative rock
862,862,862,1261,1970-09-26,38,38.0,El Condor Pasa,Simon & Garfunkel,18.0,11.0,folk,Folk rock
863,863,863,1263,1960-04-04,79,80.0,Baby What You Want Me To Do,Jimmy Reed,37.0,14.0,blues,Not Found
864,864,864,1265,1966-10-01,51,51.0,If I Were A Carpenter,Bobby Darin,8.0,11.0,jazz,Folk
865,865,865,1266,1969-10-04,7,6.0,Honky Tonk Women,The Rolling Stones,1.0,15.0,classic rock,Hard rock
866,866,866,1267,1974-02-23,43,42.0,"Rock And Roll, Hoochie Koo",Rick Derringer,23.0,14.0,classic rock,Not Found
867,867,867,1268,1973-03-17,96,97.0,Frankenstein,Edgar Winter,1.0,20.0,classic rock,Instrumental rock
868,868,868,1269,1984-11-17,36,35.0,Who Wears These Shoes?,Elton John,16.0,14.0,pop,Not Found
869,869,869,1270,1990-04-28,78,77.0,Lambada,Kaoma,46.0,12.0,Not Found,Lambada
870,870,870,1271,1980-07-05,3,3.0,The Rose,Bette Midler,3.0,25.0,female vocalists,Pop
871,871,871,1272,1964-12-12,25,25.0,Sidewalk Surfin',Jan & Dean,25.0,8.0,Surf,Pop
872,872,872,1273,1979-11-10,48,47.0,We Don't Talk Anymore,Cliff Richard,7.0,20.0,oldies,Synthpop
873,873,873,1274,1984-10-06,5,5.0,She Bop,Cyndi Lauper,3.0,18.0,80s,New wave
874,874,874,1276,1989-05-27,21,22.0,Baby Don't Forget My Number,Milli Vanilli,1.0,21.0,80s,Dance-pop
875,875,875,1277,1986-05-24,37,36.0,American Storm,Bob Seger,13.0,14.0,classic rock,Heartland rock
876,876,876,1279,1984-01-14,26,26.0,Let The Music Play,Shannon,8.0,24.0,celtic,Not Found
877,877,877,1280,1971-06-12,8,8.0,Treat Her Like A Lady,Cornelius Brothers & Sister Rose,3.0,18.0,soul,Not Found
878,878,878,1281,1988-07-30,30,29.0,When It's Love,Van Halen,29.0,2.0,hard rock,Power ballad
879,879,879,1282,1977-02-05,49,49.0,Crackerbox Palace,George Harrison,19.0,11.0,classic rock,Rock
880,880,880,1283,1967-02-11,17,18.0,Standing In The Shadows Of Love,Four Tops,6.0,10.0,soul,Not Found
881,881,881,1285,1980-12-20,68,68.0,Upside Down,Diana Ross,1.0,29.0,soul,Disco
882,882,882,1286,1981-04-25,31,30.0,Sukiyaki,A Taste Of Honey,3.0,24.0,Disco,Pop
883,883,883,1287,1959-08-24,69,70.0,Johnny Reb,Johnny Horton,54.0,8.0,country,Not Found
884,884,884,1289,1991-07-27,80,80.0,There She Goes,The La's,49.0,10.0,britpop,Alternative rock
885,885,885,1290,1967-04-22,2,2.0,Happy Together,The Turtles,1.0,15.0,60s,Sunshine pop
886,886,886,1292,1963-03-09,17,19.0,He's So Fine,The Chiffons,1.0,15.0,60s,Pop
887,887,887,1296,1983-07-02,34,36.0,White Wedding,Billy Idol,36.0,13.0,rock,Rock
888,888,888,1297,1961-03-13,7,9.0,Ebony Eyes,The Everly Brothers,8.0,12.0,oldies,Not Found
889,889,889,1300,1991-06-29,84,83.0,Where The Streets Have No Name,Pet Shop Boys,72.0,7.0,synthpop,Rock
